image,n_gt,n_pred,detected,read_correct,false_boxes,all_correct
000002.jpg,1,1,1,1,0,True
000007.jpg,1,1,1,1,0,True
000012.jpg,1,1,1,1,0,True
000017.jpg,1,1,1,1,0,True
000021.jpg,1,2,1,1,1,False
000023.jpg,1,1,1,1,0,True
000026.jpg,1,1,1,1,0,True
000032.jpg,1,1,1,1,0,True
000033.jpg,1,1,1,1,0,True
000037.jpg,1,1,1,1,0,True
000044.jpg,1,1,1,1,0,True
000049.jpg,1,1,1,1,0,True
000056.jpg,1,1,1,1,0,True
000057.jpg,2,2,2,2,0,True
000062.jpg,1,1,1,1,0,True
000063.jpg,1,1,1,1,0,True
000067.jpg,1,1,1,1,0,True
000077.jpg,1,1,1,1,0,True
000080.jpg,1,1,1,1,0,True
000084.jpg,1,1,1,1,0,True
000087.jpg,1,1,1,1,0,True
000088.jpg,1,1,1,1,0,True
000090.jpg,1,1,1,1,0,True
000092.jpg,1,1,1,1,0,True
000106.jpg,1,1,1,1,0,True
000107.jpg,1,1,1,1,0,True
000115.jpg,2,2,2,2,0,True
000124.jpg,1,1,1,1,0,True
000125.jpg,1,1,1,1,0,True
000130.jpg,1,1,1,1,0,True
000137.jpg,1,1,1,1,0,True
000138.jpg,1,1,1,1,0,True
000141.jpg,1,1,1,1,0,True
000142.jpg,4,5,4,4,1,False
000144.jpg,1,1,1,1,0,True
000145.jpg,1,1,1,1,0,True
000148.jpg,1,1,1,1,0,True
000149.jpg,1,1,1,0,0,False
000156.jpg,1,1,1,1,0,True
000158.jpg,1,1,1,1,0,True
000164.jpg,2,2,2,2,0,True
000175.jpg,1,1,1,1,0,True
000178.jpg,1,1,1,1,0,True
000179.jpg,1,1,1,0,0,False
000191.jpg,1,1,1,0,0,False
000193.jpg,1,1,1,1,0,True
000204.jpg,1,1,1,1,0,True
000210.jpg,1,1,1,1,0,True
000227.jpg,1,1,1,1,0,True
000231.jpg,1,2,1,1,1,False
000235.jpg,2,1,1,1,0,False
000237.jpg,1,1,1,1,0,True
000238.jpg,1,1,1,1,0,True
000242.jpg,1,1,1,1,0,True
000252.jpg,1,1,1,1,0,True
000254.jpg,1,1,1,0,0,False
000267.jpg,1,1,1,1,0,True
000270.jpg,1,1,1,1,0,True
000277.jpg,1,1,1,1,0,True
000289.jpg,2,2,2,1,0,False
000296.jpg,1,1,1,1,0,True
000297.jpg,1,1,1,1,0,True
000301.jpg,1,1,1,1,0,True
000315.jpg,1,1,1,1,0,True
000317.jpg,2,2,2,1,0,False
000321.jpg,1,1,1,1,0,True
000323.jpg,2,1,1,1,0,False
000332.jpg,1,1,1,1,0,True
000336.jpg,1,1,1,1,0,True
000356.jpg,1,1,1,1,0,True
000366.jpg,1,1,1,1,0,True
000383.jpg,1,1,1,1,0,True
000385.jpg,1,1,1,1,0,True
000386.jpg,1,1,1,1,0,True
000392.jpg,1,1,1,1,0,True
000398.jpg,1,1,1,1,0,True
000399.jpg,1,1,1,1,0,True
000403.jpg,1,1,1,1,0,True
000410.jpg,1,1,1,1,0,True
000411.jpg,1,1,1,1,0,True
000418.jpg,1,1,1,1,0,True
000430.jpg,1,1,1,1,0,True
000437.jpg,1,1,1,1,0,True
000441.jpg,1,1,1,1,0,True
000443.jpg,1,0,0,0,0,False
000448.jpg,1,1,1,1,0,True
000455.jpg,1,1,1,1,0,True
000457.jpg,1,1,1,1,0,True
000476.jpg,1,1,1,1,0,True
000484.jpg,2,2,2,2,0,True
000497.jpg,1,1,1,1,0,True
000508.jpg,1,1,1,1,0,True
000511.jpg,1,1,1,1,0,True
000513.jpg,1,1,1,1,0,True
000515.jpg,1,1,1,1,0,True
000523.jpg,1,1,1,1,0,True
000524.jpg,1,2,1,1,1,False
000527.jpg,1,1,1,1,0,True
000532.jpg,1,1,1,1,0,True
000540.jpg,1,1,1,1,0,True
000542.jpg,1,1,1,1,0,True
000546.jpg,1,1,1,1,0,True
000547.jpg,1,1,1,1,0,True
000568.jpg,1,1,1,1,0,True
000597.jpg,1,1,1,1,0,True
000602.jpg,2,1,1,1,0,False
000603.jpg,1,1,1,1,0,True
000629.jpg,1,1,1,1,0,True
000631.jpg,1,1,1,1,0,True
000639.jpg,1,1,1,1,0,True
000648.jpg,1,1,1,1,0,True
000658.jpg,1,1,1,1,0,True
000660.jpg,1,1,1,1,0,True
000672.jpg,1,1,1,1,0,True
000676.jpg,1,1,1,1,0,True
000679.jpg,1,1,1,0,0,False
000685.jpg,1,1,1,1,0,True
000690.jpg,1,1,1,1,0,True
000692.jpg,1,1,1,1,0,True
000706.jpg,1,1,1,1,0,True
000713.jpg,2,1,1,1,0,False
000726.jpg,1,1,1,1,0,True
000734.jpg,1,1,1,1,0,True
000735.jpg,3,1,1,0,0,False
000737.jpg,1,1,1,1,0,True
000740.jpg,1,1,1,1,0,True
000741.jpg,1,1,1,1,0,True
000755.jpg,1,1,1,1,0,True
000756.jpg,1,1,1,1,0,True
000759.jpg,1,1,1,1,0,True
000765.jpg,3,2,2,1,0,False
000771.jpg,1,1,1,1,0,True
000772.jpg,2,2,2,2,0,True
000786.jpg,1,1,1,1,0,True
000791.jpg,4,4,4,3,0,False
000794.jpg,1,1,1,1,0,True
000798.jpg,1,1,1,1,0,True
000801.jpg,1,1,1,1,0,True
000802.jpg,2,2,2,1,0,False
000820.jpg,1,1,1,1,0,True
000839.jpg,2,2,2,1,0,False
000846.jpg,1,1,1,1,0,True
000851.jpg,1,2,1,1,1,False
000853.jpg,2,2,2,1,0,False
000858.jpg,1,1,1,1,0,True
000873.jpg,1,1,1,1,0,True
000882.jpg,1,1,1,1,0,True
000884.jpg,2,2,2,2,0,True
000887.jpg,1,1,1,1,0,True
000891.jpg,1,1,1,1,0,True
000892.jpg,1,1,1,1,0,True
000893.jpg,1,1,1,1,0,True
000906.jpg,1,1,1,1,0,True
000914.jpg,2,2,2,2,0,True
000924.jpg,1,1,1,1,0,True
000926.jpg,1,1,1,1,0,True
000936.jpg,1,1,1,1,0,True
000953.jpg,1,1,1,1,0,True
000971.jpg,1,1,1,1,0,True
000985.jpg,2,1,1,1,0,False
000986.jpg,1,1,1,1,0,True
000988.jpg,1,1,1,1,0,True
000990.jpg,1,1,1,1,0,True
000994.jpg,1,1,1,1,0,True
000995.jpg,1,2,1,1,1,False
001005.jpg,2,2,2,1,0,False
001007.jpg,1,2,1,1,1,False
001024.jpg,1,1,1,1,0,True
001036.jpg,1,1,1,1,0,True
001046.jpg,1,1,1,1,0,True
001056.jpg,2,2,1,1,1,False
001058.jpg,3,2,2,1,0,False
001068.jpg,2,2,2,2,0,True
001069.jpg,1,1,1,1,0,True
001072.jpg,1,1,1,1,0,True
001077.jpg,2,2,2,2,0,True
001081.jpg,1,1,1,1,0,True
001091.jpg,1,1,1,1,0,True
001096.jpg,1,1,1,1,0,True
001104.jpg,1,1,1,1,0,True
001107.jpg,1,1,1,1,0,True
001109.jpg,1,1,1,1,0,True
001110.jpg,1,1,1,1,0,True
001117.jpg,2,2,2,2,0,True
001118.jpg,2,1,1,1,0,False
001127.jpg,2,2,2,2,0,True
001131.jpg,1,1,1,1,0,True
001132.jpg,1,1,1,1,0,True
001134.jpg,1,1,1,1,0,True
001139.jpg,1,1,1,1,0,True
001144.jpg,1,1,1,1,0,True
001146.jpg,1,1,1,1,0,True
001147.jpg,1,1,1,1,0,True
001154.jpg,1,1,1,1,0,True
001159.jpg,1,1,1,1,0,True
001162.jpg,1,2,1,1,1,False
001168.jpg,2,2,2,2,0,True
001169.jpg,1,1,1,1,0,True
001199.jpg,1,1,1,1,0,True
001208.jpg,1,0,0,0,0,False
001210.jpg,2,2,2,2,0,True
001212.jpg,1,1,1,1,0,True
001218.jpg,1,1,1,1,0,True
001221.jpg,1,1,1,1,0,True
001222.jpg,1,1,1,1,0,True
001233.jpg,1,1,1,1,0,True
001243.jpg,1,1,0,0,1,False
001255.jpg,2,2,2,2,0,True
001258.jpg,4,2,2,2,0,False
001259.jpg,3,1,1,1,0,False
001268.jpg,3,3,3,3,0,True
001273.jpg,1,1,1,1,0,True
001289.jpg,1,1,1,1,0,True
001292.jpg,1,1,1,1,0,True
001313.jpg,1,1,1,1,0,True
001314.jpg,1,2,1,1,1,False
001328.jpg,1,1,1,1,0,True
001359.jpg,1,1,1,1,0,True
001361.jpg,1,1,1,1,0,True
001365.jpg,1,1,1,1,0,True
001379.jpg,1,1,1,1,0,True
001402.jpg,3,3,3,3,0,True
001405.jpg,1,1,1,1,0,True
001408.jpg,1,1,1,1,0,True
001411.jpg,1,1,1,1,0,True
001413.jpg,2,1,1,1,0,False
001416.jpg,1,1,1,1,0,True
001419.jpg,1,1,1,0,0,False
001424.jpg,1,1,1,1,0,True
001435.jpg,1,1,1,0,0,False
001438.jpg,1,1,1,1,0,True
001441.jpg,2,1,1,1,0,False
001466.jpg,1,1,1,1,0,True
001469.jpg,2,2,2,2,0,True
001480.jpg,1,1,1,1,0,True
001482.jpg,1,2,1,1,1,False
001483.jpg,1,1,1,1,0,True
001497.jpg,1,1,1,1,0,True
001521.jpg,1,1,1,1,0,True
001527.jpg,1,1,1,1,0,True
001537.jpg,1,1,1,1,0,True
001549.jpg,1,1,1,1,0,True
001551.jpg,1,1,1,1,0,True
001556.jpg,1,1,1,1,0,True
001567.jpg,1,1,1,1,0,True
001571.jpg,1,1,1,1,0,True
001583.jpg,1,1,1,1,0,True
001584.jpg,1,1,1,0,0,False
001599.jpg,1,1,1,1,0,True
001600.jpg,1,1,1,1,0,True
001610.jpg,1,1,1,1,0,True
001617.jpg,1,1,1,1,0,True
001619.jpg,1,1,1,1,0,True
001622.jpg,1,1,1,1,0,True
001623.jpg,1,1,1,1,0,True
001630.jpg,1,1,1,1,0,True
001637.jpg,1,2,1,1,1,False
001641.jpg,1,1,1,0,0,False
001654.jpg,4,3,3,0,0,False
001655.jpg,2,2,2,2,0,True
001673.jpg,3,2,2,2,0,False
001674.jpg,1,1,1,1,0,True
001681.jpg,1,1,1,1,0,True
001683.jpg,1,1,1,1,0,True
001686.jpg,2,2,2,2,0,True
001691.jpg,1,1,0,0,1,False
001700.jpg,1,1,1,1,0,True
001738.jpg,1,1,1,1,0,True
001761.jpg,1,1,1,1,0,True
001770.jpg,1,1,1,1,0,True
001775.jpg,1,1,1,1,0,True
001777.jpg,1,1,1,1,0,True
001778.jpg,1,1,1,1,0,True
001782.jpg,1,1,1,1,0,True
001783.jpg,1,1,1,1,0,True
001784.jpg,1,1,1,1,0,True
001796.jpg,1,1,1,1,0,True
001803.jpg,1,1,1,1,0,True
001806.jpg,1,1,1,1,0,True
001810.jpg,1,1,1,1,0,True
001817.jpg,1,1,1,1,0,True
001828.jpg,1,1,1,1,0,True
001840.jpg,1,1,1,1,0,True
001860.jpg,1,1,1,1,0,True
001872.jpg,1,1,1,1,0,True
001873.jpg,1,1,1,1,0,True
001875.jpg,1,1,1,1,0,True
001890.jpg,1,1,1,1,0,True
001896.jpg,1,1,1,1,0,True
001922.jpg,1,1,1,1,0,True
001932.jpg,1,1,1,1,0,True
001942.jpg,1,1,1,1,0,True
001944.jpg,1,1,1,1,0,True
001945.jpg,1,2,1,1,1,False
001952.jpg,1,1,1,1,0,True
001960.jpg,1,1,1,1,0,True
001962.jpg,1,1,1,1,0,True
001963.jpg,1,1,1,1,0,True
001972.jpg,1,1,1,1,0,True
001973.jpg,2,1,1,1,0,False
001981.jpg,1,1,1,1,0,True
001984.jpg,1,1,1,1,0,True
001987.jpg,1,1,1,1,0,True
001995.jpg,1,1,1,1,0,True
002009.jpg,1,1,1,1,0,True
002023.jpg,1,1,1,1,0,True
002025.jpg,1,1,1,1,0,True
002029.jpg,1,1,1,1,0,True
002031.jpg,1,1,1,1,0,True
002039.jpg,2,2,2,2,0,True
002051.jpg,1,1,1,1,0,True
002061.jpg,1,1,1,1,0,True
002062.jpg,1,1,1,1,0,True
002066.jpg,1,1,1,1,0,True
002075.jpg,1,1,1,1,0,True
002119.jpg,1,1,1,1,0,True
002120.jpg,1,1,1,1,0,True
002128.jpg,1,1,1,1,0,True
002130.jpg,1,1,1,1,0,True
002131.jpg,1,1,1,1,0,True
002152.jpg,1,1,1,1,0,True
002166.jpg,1,1,1,1,0,True
002168.jpg,1,1,1,1,0,True
002169.jpg,1,1,1,1,0,True
002170.jpg,1,1,1,1,0,True
002174.jpg,1,1,1,1,0,True
002183.jpg,1,1,1,1,0,True
002189.jpg,1,1,1,1,0,True
002190.jpg,2,2,2,2,0,True
002194.jpg,1,1,1,1,0,True
002195.jpg,1,1,1,1,0,True
002199.jpg,1,1,1,1,0,True
002201.jpg,1,1,1,1,0,True
002202.jpg,1,1,1,1,0,True
002209.jpg,1,1,1,1,0,True
002210.jpg,1,1,1,1,0,True
002214.jpg,1,1,1,1,0,True
002218.jpg,2,2,2,2,0,True
002220.jpg,1,1,1,1,0,True
002244.jpg,1,1,1,1,0,True
002250.jpg,1,1,1,1,0,True
002254.jpg,1,1,1,1,0,True
002288.jpg,1,2,1,1,1,False
002292.jpg,1,1,1,1,0,True
002297.jpg,1,1,1,1,0,True
002311.jpg,1,1,1,1,0,True
002317.jpg,1,1,1,1,0,True
002319.jpg,1,2,1,1,1,False
002320.jpg,1,1,1,1,0,True
002332.jpg,1,1,1,1,0,True
002342.jpg,2,2,2,2,0,True
002349.jpg,1,1,1,1,0,True
002374.jpg,2,2,2,1,0,False
002375.jpg,1,1,1,1,0,True
002395.jpg,1,1,1,1,0,True
002413.jpg,1,1,1,1,0,True
002414.jpg,2,2,2,2,0,True
002428.jpg,1,1,1,1,0,True
002434.jpg,1,1,1,0,0,False
002452.jpg,1,1,1,1,0,True
002458.jpg,1,1,1,1,0,True
002459.jpg,1,1,1,1,0,True
002466.jpg,2,2,2,2,0,True
002474.jpg,1,1,1,1,0,True
002477.jpg,1,1,1,1,0,True
002491.jpg,1,1,1,1,0,True
002494.jpg,1,1,1,0,0,False
002499.jpg,1,1,1,1,0,True
002501.jpg,1,1,1,1,0,True
002510.jpg,1,1,1,1,0,True
002520.jpg,1,1,1,1,0,True
002521.jpg,1,1,1,1,0,True
002535.jpg,3,3,3,3,0,True
002548.jpg,1,1,1,1,0,True
002553.jpg,1,1,1,1,0,True
002580.jpg,1,1,1,1,0,True
002585.jpg,1,1,1,1,0,True
002586.jpg,1,1,1,1,0,True
002590.jpg,1,1,1,1,0,True
002592.jpg,1,1,1,1,0,True
002624.jpg,1,1,1,1,0,True
002626.jpg,1,1,1,1,0,True
002633.jpg,1,1,1,1,0,True
002647.jpg,1,1,1,1,0,True
002655.jpg,1,1,1,1,0,True
002664.jpg,2,2,2,2,0,True
002669.jpg,1,1,1,0,0,False
002672.jpg,1,1,1,1,0,True
002676.jpg,1,1,1,0,0,False
002682.jpg,1,1,1,1,0,True
002684.jpg,1,1,1,1,0,True
002690.jpg,2,2,2,2,0,True
002691.jpg,1,1,1,1,0,True
002697.jpg,1,1,1,1,0,True
002707.jpg,1,1,1,1,0,True
002709.jpg,1,1,1,1,0,True
002715.jpg,2,1,1,1,0,False
002717.jpg,2,2,2,2,0,True
002725.jpg,1,2,1,1,1,False
002736.jpg,1,1,1,1,0,True
002745.jpg,1,1,1,1,0,True
002758.jpg,1,1,1,1,0,True
002765.jpg,1,1,1,1,0,True
002778.jpg,1,1,1,1,0,True
002782.jpg,1,1,1,1,0,True
002784.jpg,1,1,1,1,0,True
002789.jpg,1,1,1,1,0,True
002792.jpg,1,1,1,1,0,True
002796.jpg,1,1,1,1,0,True
002798.jpg,1,1,1,1,0,True
002802.jpg,1,1,1,1,0,True
002808.jpg,1,1,0,0,1,False
002813.jpg,1,1,1,1,0,True
002821.jpg,1,1,1,1,0,True
002822.jpg,1,1,1,1,0,True
002825.jpg,1,1,1,1,0,True
002831.jpg,1,1,1,1,0,True
002832.jpg,1,1,1,1,0,True
002839.jpg,1,1,1,1,0,True
002849.jpg,1,1,1,1,0,True
002853.jpg,1,1,1,1,0,True
002854.jpg,1,1,1,1,0,True
002857.jpg,5,5,5,5,0,True
002859.jpg,1,1,1,1,0,True
002862.jpg,1,1,1,1,0,True
002881.jpg,1,1,1,1,0,True
002883.jpg,1,1,1,1,0,True
002892.jpg,1,1,1,1,0,True
002917.jpg,2,1,1,1,0,False
002926.jpg,1,1,1,1,0,True
002931.jpg,1,1,1,1,0,True
002938.jpg,2,2,2,1,0,False
002949.jpg,1,1,1,1,0,True
002952.jpg,1,1,1,1,0,True
002960.jpg,1,1,1,1,0,True
002968.jpg,1,1,1,1,0,True
002977.jpg,1,1,1,0,0,False
002987.jpg,1,1,1,1,0,True
002990.jpg,1,1,1,1,0,True
002991.jpg,1,1,1,1,0,True
003003.jpg,4,3,3,3,0,False
003011.jpg,1,1,1,1,0,True
003017.jpg,1,1,1,1,0,True
003026.jpg,2,1,1,1,0,False
003032.jpg,1,1,1,1,0,True
003035.jpg,1,1,1,1,0,True
003052.jpg,1,1,1,1,0,True
003058.jpg,1,1,1,1,0,True
003065.jpg,1,1,1,1,0,True
003067.jpg,1,1,1,1,0,True
003077.jpg,1,1,1,1,0,True
003078.jpg,1,1,1,1,0,True
003083.jpg,1,1,1,1,0,True
003117.jpg,1,1,1,1,0,True
003122.jpg,1,1,1,1,0,True
003128.jpg,1,1,1,1,0,True
003138.jpg,1,1,1,1,0,True
003151.jpg,1,1,1,1,0,True
003154.jpg,2,2,2,2,0,True
003175.jpg,1,1,1,1,0,True
003179.jpg,1,1,1,1,0,True
003184.jpg,1,1,1,1,0,True
003190.jpg,1,1,1,1,0,True
003193.jpg,1,1,1,1,0,True
003194.jpg,1,1,1,1,0,True
003211.jpg,1,1,1,0,0,False
003215.jpg,1,1,1,1,0,True
003234.jpg,1,1,1,1,0,True
003245.jpg,1,1,1,1,0,True
003246.jpg,1,1,1,1,0,True
003249.jpg,1,1,1,1,0,True
003250.jpg,1,1,1,1,0,True
003261.jpg,1,1,1,1,0,True
003266.jpg,1,1,1,1,0,True
003277.jpg,1,1,1,0,0,False
003282.jpg,1,1,1,0,0,False
003285.jpg,1,1,1,1,0,True
003286.jpg,1,1,1,1,0,True
003298.jpg,1,1,1,1,0,True
003317.jpg,1,1,1,1,0,True
003319.jpg,1,1,1,1,0,True
003323.jpg,1,1,1,1,0,True
003339.jpg,1,1,1,1,0,True
003342.jpg,1,1,1,1,0,True
003343.jpg,1,1,1,1,0,True
003346.jpg,1,1,1,1,0,True
003356.jpg,1,1,1,1,0,True
003357.jpg,1,1,1,1,0,True
003358.jpg,1,1,1,1,0,True
003360.jpg,1,1,1,1,0,True
003365.jpg,1,1,1,1,0,True
003367.jpg,1,1,1,1,0,True
003373.jpg,1,1,1,1,0,True
003410.jpg,1,1,1,1,0,True
003412.jpg,1,1,1,1,0,True
003414.jpg,1,1,1,1,0,True
003427.jpg,1,1,1,1,0,True
003429.jpg,1,1,1,1,0,True
003440.jpg,1,1,1,1,0,True
003449.jpg,1,1,1,1,0,True
003451.jpg,1,1,1,1,0,True
003452.jpg,1,1,1,1,0,True
003453.jpg,1,1,1,1,0,True
003459.jpg,1,1,1,1,0,True
003475.jpg,1,1,1,1,0,True
003488.jpg,1,1,1,1,0,True
003511.jpg,3,3,3,3,0,True
003520.jpg,2,1,1,0,0,False
003522.jpg,1,1,1,1,0,True
003524.jpg,1,1,1,1,0,True
003527.jpg,1,1,1,1,0,True
003528.jpg,1,1,1,1,0,True
003532.jpg,1,1,1,1,0,True
003533.jpg,1,1,1,1,0,True
003540.jpg,1,1,1,1,0,True
003542.jpg,1,1,1,1,0,True
003547.jpg,2,1,1,1,0,False
003564.jpg,1,1,1,1,0,True
003567.jpg,1,1,1,1,0,True
003569.jpg,1,1,1,1,0,True
003570.jpg,1,2,1,1,1,False
003571.jpg,1,1,1,1,0,True
003584.jpg,1,1,1,1,0,True
003587.jpg,1,2,1,1,1,False
003603.jpg,2,1,1,1,0,False
003607.jpg,2,2,2,1,0,False
003609.jpg,1,1,1,1,0,True
003613.jpg,2,1,1,1,0,False
003633.jpg,1,1,1,1,0,True
003634.jpg,1,1,1,1,0,True
003640.jpg,2,2,2,2,0,True
003647.jpg,2,2,2,2,0,True
003650.jpg,1,1,1,1,0,True
003655.jpg,2,2,2,1,0,False
003659.jpg,2,2,2,2,0,True
003668.jpg,2,3,2,1,1,False
003679.jpg,1,2,1,1,1,False
003691.jpg,2,2,1,0,1,False
003694.jpg,1,1,1,1,0,True
003699.jpg,1,1,1,1,0,True
003709.jpg,1,1,1,0,0,False
003716.jpg,1,1,1,1,0,True
003725.jpg,1,1,1,1,0,True
003729.jpg,1,1,1,1,0,True
003736.jpg,1,1,1,1,0,True
003741.jpg,1,1,1,1,0,True
003742.jpg,1,1,1,1,0,True
003743.jpg,1,1,1,1,0,True
003745.jpg,1,1,1,1,0,True
003754.jpg,1,1,1,1,0,True
003760.jpg,1,1,1,1,0,True
003765.jpg,1,1,1,1,0,True
003771.jpg,1,1,1,1,0,True
003781.jpg,1,1,1,1,0,True
003788.jpg,3,2,2,2,0,False
003790.jpg,1,1,1,1,0,True
003795.jpg,1,1,1,1,0,True
003808.jpg,1,2,1,1,1,False
003809.jpg,1,1,1,1,0,True
003821.jpg,1,1,1,1,0,True
003829.jpg,1,1,1,1,0,True
003830.jpg,2,2,2,2,0,True
003838.jpg,2,1,1,1,0,False
003847.jpg,1,1,1,1,0,True
003848.jpg,1,1,1,1,0,True
003851.jpg,1,1,1,1,0,True
003852.jpg,1,1,1,1,0,True
003858.jpg,1,1,1,1,0,True
003865.jpg,1,1,1,1,0,True
003866.jpg,1,1,1,1,0,True
003867.jpg,1,1,1,1,0,True
003869.jpg,1,1,1,1,0,True
003870.jpg,2,2,2,2,0,True
003876.jpg,1,1,1,1,0,True
003879.jpg,1,1,1,1,0,True
003880.jpg,2,2,2,2,0,True
003889.jpg,1,1,1,1,0,True
003900.jpg,1,1,1,1,0,True
003913.jpg,1,1,1,1,0,True
003917.jpg,1,1,1,1,0,True
003920.jpg,2,1,1,1,0,False
003933.jpg,1,1,1,1,0,True
003934.jpg,1,1,1,1,0,True
003947.jpg,1,1,1,1,0,True
003973.jpg,1,1,1,1,0,True
003996.jpg,1,1,1,1,0,True
003997.jpg,1,1,1,1,0,True
004015.jpg,1,1,1,1,0,True
004021.jpg,1,1,1,1,0,True
004036.jpg,1,1,1,1,0,True
004044.jpg,1,1,1,1,0,True
004045.jpg,1,1,1,1,0,True
004046.jpg,2,2,2,1,0,False
004056.jpg,1,1,1,1,0,True
004061.jpg,1,1,1,1,0,True
004084.jpg,1,1,1,1,0,True
004086.jpg,2,2,2,2,0,True
004092.jpg,1,1,1,1,0,True
004114.jpg,1,1,1,1,0,True
004116.jpg,1,1,1,1,0,True
004132.jpg,1,1,1,1,0,True
004136.jpg,1,1,1,1,0,True
004142.jpg,1,1,1,1,0,True
004146.jpg,1,1,1,1,0,True
004160.jpg,1,1,1,1,0,True
004161.jpg,1,1,1,1,0,True
004170.jpg,1,1,1,1,0,True
004174.jpg,1,1,1,1,0,True
004176.jpg,1,1,1,1,0,True
004188.jpg,1,1,1,1,0,True
004189.jpg,1,1,1,1,0,True
004190.jpg,1,1,1,1,0,True
004199.jpg,1,1,1,1,0,True
004200.jpg,1,1,1,0,0,False
004207.jpg,1,1,1,1,0,True
004209.jpg,2,2,2,2,0,True
004230.jpg,1,1,1,1,0,True
004244.jpg,1,1,1,1,0,True
004252.jpg,2,2,2,2,0,True
004254.jpg,1,1,1,1,0,True
004258.jpg,1,1,1,1,0,True
004262.jpg,1,1,1,1,0,True
004273.jpg,2,2,2,2,0,True
004300.jpg,1,1,1,1,0,True
004301.jpg,1,1,1,1,0,True
004318.jpg,1,1,1,1,0,True
004319.jpg,1,1,1,1,0,True
004325.jpg,1,1,1,1,0,True
004353.jpg,1,1,1,1,0,True
004359.jpg,1,1,1,1,0,True
004372.jpg,3,3,3,3,0,True
004373.jpg,1,1,1,1,0,True
004396.jpg,1,1,1,1,0,True
004432.jpg,2,2,1,1,1,False
004434.jpg,1,1,1,1,0,True
004442.jpg,1,1,1,1,0,True
004446.jpg,1,1,1,1,0,True
004448.jpg,1,1,1,0,0,False
004459.jpg,2,2,2,2,0,True
004460.jpg,1,1,1,1,0,True
004465.jpg,3,3,3,1,0,False
004477.jpg,1,1,1,1,0,True
004483.jpg,1,1,1,1,0,True
004486.jpg,2,2,2,2,0,True
004495.jpg,1,1,1,1,0,True
004499.jpg,1,1,1,0,0,False
004510.jpg,1,1,1,1,0,True
004516.jpg,1,1,1,1,0,True
004522.jpg,1,1,1,1,0,True
004524.jpg,1,1,1,1,0,True
004531.jpg,1,1,1,1,0,True
004534.jpg,1,1,1,1,0,True
004546.jpg,1,1,1,1,0,True
004553.jpg,1,1,1,1,0,True
004557.jpg,1,1,1,1,0,True
004564.jpg,3,1,1,1,0,False
004565.jpg,1,1,1,1,0,True
004566.jpg,1,1,1,1,0,True
004568.jpg,1,1,1,1,0,True
004570.jpg,1,0,0,0,0,False
004574.jpg,2,2,1,1,1,False
004576.jpg,3,3,3,2,0,False
004577.jpg,1,1,0,0,1,False
004589.jpg,1,1,1,1,0,True
004599.jpg,2,2,2,2,0,True
004600.jpg,2,2,2,2,0,True
004601.jpg,3,2,2,2,0,False
004610.jpg,3,3,3,3,0,True
004618.jpg,3,3,3,3,0,True
004623.jpg,1,1,1,1,0,True
004629.jpg,1,1,1,1,0,True
004636.jpg,1,1,1,1,0,True
004642.jpg,1,1,1,1,0,True
004643.jpg,1,1,1,0,0,False
004644.jpg,1,1,1,1,0,True
004646.jpg,1,3,1,1,2,False
004651.jpg,1,2,1,1,1,False
004654.jpg,1,1,1,1,0,True
004676.jpg,3,2,2,2,0,False
004678.jpg,1,1,1,1,0,True
004697.jpg,1,1,1,1,0,True
004705.jpg,1,1,1,1,0,True
004706.jpg,1,1,1,1,0,True
004709.jpg,1,1,1,1,0,True
004721.jpg,1,1,1,1,0,True
004725.jpg,1,1,1,1,0,True
004731.jpg,1,1,1,1,0,True
004732.jpg,1,1,1,1,0,True
004736.jpg,3,3,3,1,0,False
004744.jpg,3,2,2,2,0,False
004761.jpg,1,1,0,0,1,False
004766.jpg,1,1,1,1,0,True
004767.jpg,1,1,1,1,0,True
004780.jpg,1,1,1,1,0,True
004793.jpg,1,1,1,1,0,True
004830.jpg,1,1,1,1,0,True
004836.jpg,1,1,1,0,0,False
004838.jpg,1,1,1,0,0,False
004841.jpg,1,1,1,1,0,True
004850.jpg,3,3,3,3,0,True
004861.jpg,1,1,0,0,1,False
004865.jpg,1,1,1,1,0,True
004879.jpg,1,1,1,1,0,True
004885.jpg,1,1,1,1,0,True
004898.jpg,1,1,1,1,0,True
004902.jpg,1,1,1,1,0,True
004917.jpg,1,1,1,1,0,True
004918.jpg,1,1,1,1,0,True
004927.jpg,1,1,1,1,0,True
004928.jpg,1,0,0,0,0,False
004931.jpg,2,1,1,1,0,False
004953.jpg,1,1,1,1,0,True
004962.jpg,1,1,1,1,0,True
004978.jpg,2,2,2,2,0,True
004980.jpg,1,2,1,1,1,False
004982.jpg,1,2,1,1,1,False
004984.jpg,1,1,1,1,0,True
004985.jpg,1,1,1,1,0,True
004987.jpg,1,1,1,1,0,True
004993.jpg,1,2,1,1,1,False
004994.jpg,1,1,1,0,0,False
004996.jpg,1,1,1,1,0,True
004998.jpg,1,1,1,0,0,False
005001.jpg,1,1,1,1,0,True
005008.jpg,1,1,1,1,0,True
005045.jpg,1,1,1,1,0,True
005049.jpg,1,1,1,0,0,False
005050.jpg,1,1,1,0,0,False
005052.jpg,1,1,1,1,0,True
005054.jpg,1,1,1,1,0,True
005060.jpg,1,1,1,0,0,False
005064.jpg,1,1,1,1,0,True
005068.jpg,1,1,1,1,0,True
005069.jpg,1,1,1,1,0,True
005077.jpg,1,1,1,1,0,True
005089.jpg,1,1,1,1,0,True
005090.jpg,1,1,1,1,0,True
005094.jpg,1,1,1,1,0,True
005096.jpg,1,1,1,1,0,True
005115.jpg,2,2,2,2,0,True
005117.jpg,1,1,1,1,0,True
005121.jpg,1,1,1,1,0,True
005132.jpg,1,1,1,1,0,True
005136.jpg,1,1,1,1,0,True
005140.jpg,1,1,1,1,0,True
005141.jpg,1,1,1,1,0,True
005151.jpg,1,1,1,1,0,True
005153.jpg,1,1,1,1,0,True
005159.jpg,1,1,1,1,0,True
005161.jpg,1,1,1,1,0,True
005163.jpg,1,1,1,1,0,True
005172.jpg,1,1,1,1,0,True
005187.jpg,1,1,1,1,0,True
005188.jpg,1,1,1,1,0,True
005200.jpg,1,1,1,1,0,True
005208.jpg,1,1,1,1,0,True
005214.jpg,1,1,1,1,0,True
005224.jpg,1,1,0,0,1,False
005225.jpg,1,0,0,0,0,False
005227.jpg,1,1,1,1,0,True
005229.jpg,1,1,1,1,0,True
005230.jpg,1,1,1,1,0,True
005232.jpg,1,1,1,1,0,True
005234.jpg,1,0,0,0,0,False
005237.jpg,1,1,1,1,0,True
005244.jpg,1,1,1,1,0,True
005248.jpg,1,1,1,1,0,True
005252.jpg,1,1,1,1,0,True
005255.jpg,1,1,1,1,0,True
005260.jpg,1,1,1,1,0,True
005266.jpg,1,1,1,1,0,True
005270.jpg,1,1,1,1,0,True
005275.jpg,1,1,1,1,0,True
005276.jpg,1,1,1,1,0,True
005277.jpg,1,1,1,1,0,True
005316.jpg,1,1,1,1,0,True
005318.jpg,1,1,1,1,0,True
005321.jpg,1,1,1,1,0,True
005325.jpg,1,1,1,1,0,True
005334.jpg,1,0,0,0,0,False
005336.jpg,2,2,2,2,0,True
005338.jpg,1,1,0,0,1,False
005348.jpg,2,2,2,0,0,False
005351.jpg,1,1,1,1,0,True
005353.jpg,1,1,1,1,0,True
005354.jpg,1,1,1,1,0,True
005355.jpg,1,1,1,0,0,False
005359.jpg,1,1,1,1,0,True
005361.jpg,1,1,1,1,0,True
005362.jpg,1,1,1,1,0,True
005379.jpg,1,1,1,1,0,True
005397.jpg,1,1,1,1,0,True
005404.jpg,1,1,1,1,0,True
005417.jpg,1,1,1,1,0,True
005419.jpg,1,2,1,1,1,False
005420.jpg,1,1,1,1,0,True
005436.jpg,1,1,1,1,0,True
005441.jpg,1,1,1,1,0,True
005448.jpg,1,1,1,1,0,True
005461.jpg,1,1,1,1,0,True
005468.jpg,1,1,1,1,0,True
005469.jpg,1,1,1,1,0,True
005474.jpg,1,1,1,1,0,True
005479.jpg,1,1,1,1,0,True
005480.jpg,1,1,1,1,0,True
005486.jpg,1,1,1,1,0,True
005488.jpg,1,1,1,1,0,True
005490.jpg,1,1,1,1,0,True
005498.jpg,1,1,1,1,0,True
005500.jpg,1,1,1,1,0,True
005505.jpg,1,1,1,1,0,True
005508.jpg,1,1,1,1,0,True
005516.jpg,1,2,1,1,1,False
005527.jpg,1,1,1,1,0,True
005531.jpg,1,1,1,1,0,True
005535.jpg,1,1,1,1,0,True
005547.jpg,1,1,1,1,0,True
005549.jpg,1,1,1,1,0,True
005555.jpg,1,1,1,1,0,True
005556.jpg,1,1,1,1,0,True
005567.jpg,1,1,1,1,0,True
005573.jpg,1,1,1,1,0,True
005587.jpg,1,1,1,1,0,True
005606.jpg,1,0,0,0,0,False
005611.jpg,1,1,1,1,0,True
005616.jpg,1,1,1,0,0,False
005619.jpg,1,1,1,1,0,True
005621.jpg,1,1,1,1,0,True
005623.jpg,1,1,1,1,0,True
005626.jpg,1,1,1,1,0,True
005627.jpg,1,1,1,1,0,True
005634.jpg,1,1,1,1,0,True
005637.jpg,1,1,1,1,0,True
005641.jpg,1,1,1,1,0,True
005644.jpg,1,1,1,1,0,True
005647.jpg,1,1,1,1,0,True
005656.jpg,1,1,1,1,0,True
005670.jpg,1,1,1,1,0,True
005672.jpg,1,1,1,1,0,True
005674.jpg,1,1,1,1,0,True
005677.jpg,1,1,1,1,0,True
005679.jpg,1,1,1,1,0,True
005700.jpg,1,1,1,1,0,True
005703.jpg,1,1,1,1,0,True
005715.jpg,1,1,1,1,0,True
005721.jpg,1,1,1,1,0,True
005735.jpg,2,2,2,2,0,True
005738.jpg,3,3,3,3,0,True
005739.jpg,1,1,1,1,0,True
005753.jpg,2,2,2,2,0,True
005754.jpg,2,2,2,2,0,True
005759.jpg,3,3,3,3,0,True
005760.jpg,3,3,3,3,0,True
005763.jpg,1,1,1,1,0,True
005764.jpg,1,1,1,1,0,True
005774.jpg,1,1,1,1,0,True
005780.jpg,1,1,1,1,0,True
005783.jpg,1,1,1,1,0,True
005799.jpg,1,1,1,1,0,True
005803.jpg,1,1,1,1,0,True
005809.jpg,1,1,1,1,0,True
005814.jpg,1,1,1,1,0,True
005815.jpg,1,1,1,1,0,True
005824.jpg,1,1,1,1,0,True
005828.jpg,1,1,1,1,0,True
005831.jpg,1,1,1,1,0,True
005835.jpg,1,1,1,1,0,True
005852.jpg,2,2,2,2,0,True
005861.jpg,1,1,1,1,0,True
005868.jpg,1,1,1,0,0,False
005871.jpg,1,1,1,1,0,True
005878.jpg,1,1,1,1,0,True
005879.jpg,1,1,1,0,0,False
005880.jpg,1,1,1,1,0,True
005892.jpg,1,1,1,1,0,True
005896.jpg,1,1,1,1,0,True
005904.jpg,1,1,1,1,0,True
005912.jpg,1,1,1,1,0,True
005916.jpg,1,1,1,1,0,True
005918.jpg,1,1,1,1,0,True
005921.jpg,1,1,1,1,0,True
005925.jpg,1,1,1,1,0,True
005926.jpg,1,1,1,1,0,True
005933.jpg,1,1,1,1,0,True
005935.jpg,1,1,1,1,0,True
005941.jpg,3,2,2,2,0,False
005960.jpg,1,1,1,1,0,True
005962.jpg,1,1,1,1,0,True
005966.jpg,1,2,1,0,1,False
005967.jpg,1,2,1,1,1,False
005975.jpg,1,1,1,1,0,True
005993.jpg,1,1,1,1,0,True
005995.jpg,1,1,1,0,0,False
006001.jpg,1,1,1,1,0,True
006004.jpg,1,1,1,1,0,True
006007.jpg,1,1,1,1,0,True
006008.jpg,1,1,1,1,0,True
006009.jpg,1,1,1,1,0,True
006035.jpg,1,1,1,1,0,True
006042.jpg,1,1,1,1,0,True
006053.jpg,1,1,1,1,0,True
006054.jpg,1,1,1,1,0,True
006062.jpg,1,1,1,1,0,True
006075.jpg,1,1,1,1,0,True
006077.jpg,1,1,1,1,0,True
006079.jpg,1,1,1,1,0,True
006082.jpg,1,1,1,1,0,True
006083.jpg,1,1,1,1,0,True
006087.jpg,1,1,1,1,0,True
006092.jpg,1,1,1,1,0,True
006100.jpg,1,1,1,1,0,True
006102.jpg,1,1,1,1,0,True
006103.jpg,1,1,1,1,0,True
006104.jpg,1,1,1,1,0,True
006112.jpg,1,1,1,1,0,True
006114.jpg,1,1,1,1,0,True
006125.jpg,1,1,1,1,0,True
006127.jpg,1,1,1,1,0,True
006131.jpg,1,1,1,1,0,True
006145.jpg,1,1,1,1,0,True
006148.jpg,1,1,1,1,0,True
006160.jpg,1,1,1,1,0,True
006171.jpg,1,1,1,1,0,True
006172.jpg,1,1,1,1,0,True
006173.jpg,1,1,1,1,0,True
006176.jpg,1,1,1,1,0,True
006179.jpg,1,1,1,1,0,True
006180.jpg,1,1,1,1,0,True
006181.jpg,1,1,1,1,0,True
006184.jpg,1,1,1,1,0,True
006185.jpg,1,1,1,1,0,True
006188.jpg,1,1,1,1,0,True
006190.jpg,1,1,1,0,0,False
006216.jpg,1,1,1,1,0,True
006219.jpg,1,1,1,0,0,False
006222.jpg,1,1,1,1,0,True
006228.jpg,1,1,1,1,0,True
006240.jpg,1,1,1,1,0,True
