threshold,gt_plates,predicted_plates,detected_plates,correct_reads,det_precision,det_recall,det_f1,e2e_precision,e2e_recall,e2e_f1,recognition_acc_on_detected,cer_on_detected,char_acc_on_detected,image_acc,pos0_acc,pos1_acc,pos2_acc,pos3_acc,pos4_acc,pos5_acc,pos6_acc,pos7_acc
0.05,1091,1291,1080,993,0.836560805577072,0.9899175068744271,0.906801007556675,0.7691711851278079,0.9101741521539871,0.8337531486146096,0.9194444444444444,0.022569444444444444,0.9773148148148149,0.7803837953091685,0.975,0.9796296296296296,0.9768518518518519,0.9787037037037037,0.9796296296296296,0.9842592592592593,0.9712962962962963,0.9731481481481481
0.1,1091,1237,1078,992,0.8714632174616006,0.9880843263061412,0.9261168384879724,0.8019401778496362,0.9092575618698442,0.8522336769759451,0.9202226345083488,0.022031539888682745,0.9778525046382189,0.8017057569296375,0.9758812615955473,0.9795918367346939,0.9768089053803339,0.9795918367346939,0.9805194805194806,0.9851576994434137,0.9721706864564007,0.9730983302411874
0.15,1091,1208,1078,992,0.8923841059602649,0.9880843263061412,0.937799043062201,0.8211920529801324,0.9092575618698442,0.862983906046107,0.9202226345083488,0.022031539888682745,0.9778525046382189,0.8155650319829424,0.9758812615955473,0.9795918367346939,0.9768089053803339,0.9795918367346939,0.9805194805194806,0.9851576994434137,0.9721706864564007,0.9730983302411874
0.2,1091,1194,1078,992,0.9028475711892797,0.9880843263061412,0.9435448577680525,0.830820770519263,0.9092575618698442,0.8682713347921226,0.9202226345083488,0.022031539888682745,0.9778525046382189,0.8219616204690832,0.9758812615955473,0.9795918367346939,0.9768089053803339,0.9795918367346939,0.9805194805194806,0.9851576994434137,0.9721706864564007,0.9730983302411874
0.25,1091,1185,1077,991,0.9088607594936708,0.9871677360219981,0.9463971880492091,0.8362869198312236,0.9083409715857012,0.8708260105448156,0.9201485608170845,0.022051996285979574,0.9778319405756731,0.826226012793177,0.9758588672237697,0.9795728876508821,0.9767873723305478,0.9795728876508821,0.9805013927576601,0.9851439182915506,0.9721448467966574,0.9730733519034355
0.3,1091,1166,1076,990,0.9228130360205832,0.9862511457378552,0.9534780682321665,0.8490566037735849,0.9074243813015582,0.8772707133362873,0.9200743494423792,0.022072490706319704,0.9778113382899628,0.8390191897654584,0.9758364312267658,0.9795539033457249,0.9767657992565055,0.9795539033457249,0.9804832713754646,0.9851301115241635,0.9721189591078067,0.9730483271375465
0.35,1091,1158,1076,990,0.9291882556131261,0.9862511457378552,0.9568697198755002,0.8549222797927462,0.9074243813015582,0.8803912850155625,0.9200743494423792,0.022072490706319704,0.9778113382899628,0.8443496801705757,0.9758364312267658,0.9795539033457249,0.9767657992565055,0.9795539033457249,0.9804832713754646,0.9851301115241635,0.9721189591078067,0.9730483271375465
0.4,1091,1146,1072,989,0.9354275741710296,0.9825847846012832,0.9584264640143048,0.8630017452006981,0.9065077910174152,0.8842199374161824,0.9225746268656716,0.020872201492537313,0.9790111940298507,0.849680170575693,0.9776119402985075,0.9813432835820896,0.9776119402985075,0.980410447761194,0.9822761194029851,0.9860074626865671,0.9729477611940298,0.9738805970149254
0.45,1091,1135,1071,989,0.9436123348017621,0.9816681943171403,0.9622641509433962,0.8713656387665198,0.9065077910174152,0.8885893980233602,0.9234360410831,0.02030812324929972,0.9795751633986928,0.8592750533049041,0.9775910364145658,0.9822595704948646,0.9775910364145658,0.9813258636788048,0.9822595704948646,0.9869281045751634,0.9738562091503268,0.9747899159663865
0.5,1091,1127,1065,983,0.9449866903283053,0.9761686526122824,0.9603246167718666,0.8722271517302573,0.9010082493125573,0.8863841298467088,0.9230046948356807,0.020422535211267606,0.9794600938967136,0.8539445628997868,0.9774647887323944,0.9821596244131455,0.9774647887323944,0.9812206572769953,0.9821596244131455,0.9868544600938968,0.9737089201877934,0.9746478873239437
0.55,1091,1117,1062,980,0.9507609668755596,0.9734188817598534,0.9619565217391305,0.8773500447627574,0.8982584784601283,0.8876811594202899,0.9227871939736346,0.020480225988700564,0.9794020715630886,0.8560767590618337,0.9774011299435028,0.9821092278719398,0.9774011299435028,0.9811676082862524,0.9821092278719398,0.9868173258003766,0.9736346516007532,0.9745762711864406
0.6,1091,1099,1049,973,0.9545040946314831,0.9615032080659945,0.9579908675799086,0.8853503184713376,0.8918423464711274,0.8885844748858447,0.9275500476644424,0.01823164918970448,0.9817683508102956,0.8539445628997868,0.9790276453765491,0.9847473784556721,0.9780743565300286,0.9837940896091516,0.9847473784556721,0.9895138226882746,0.9761677788369876,0.9780743565300286
0.65,1091,1076,1034,969,0.9609665427509294,0.9477543538038496,0.9543147208121827,0.9005576208178439,0.8881759853345554,0.8943239501615136,0.937137330754352,0.014627659574468085,0.9853723404255319,0.8571428571428571,0.9806576402321083,0.9854932301740812,0.9825918762088974,0.9874274661508704,0.9874274661508704,0.9922630560928434,0.9825918762088974,0.9845261121856866
0.7,1091,1048,1011,956,0.9646946564885496,0.9266727772685609,0.9453015427769985,0.9122137404580153,0.8762603116406966,0.8938756428237494,0.9455984174085065,0.010880316518298714,0.9891196834817013,0.849680170575693,0.9871414441147379,0.9910979228486647,0.9861523244312562,0.9920870425321464,0.9910979228486647,0.9930761622156281,0.9861523244312562,0.9861523244312562
0.75,1091,1010,984,935,0.9742574257425742,0.9019248395967002,0.9366968110423607,0.9257425742574258,0.8570119156736938,0.8900523560209423,0.9502032520325203,0.00978150406504065,0.9902184959349594,0.8432835820895522,0.9888211382113821,0.9928861788617886,0.9857723577235772,0.9939024390243902,0.991869918699187,0.9928861788617886,0.9867886178861789,0.9888211382113821
0.8,1091,931,914,875,0.9817400644468314,0.8377635197066912,0.904055390702275,0.9398496240601504,0.8020164986251146,0.8654797230464886,0.9573304157549234,0.0087527352297593,0.9912472647702407,0.8081023454157783,0.9879649890590809,0.9967177242888403,0.986870897155361,0.9945295404814004,0.9923413566739606,0.9934354485776805,0.9879649890590809,0.9901531728665208
0.85,1091,768,759,733,0.98828125,0.6956920256645279,0.8165680473372781,0.9544270833333334,0.6718606782768103,0.7885960193652501,0.9657444005270093,0.005764163372859025,0.994235836627141,0.7025586353944563,0.9920948616600791,0.997364953886693,0.9920948616600791,0.9986824769433466,0.9960474308300395,0.9934123847167325,0.9920948616600791,0.9920948616600791
0.9,1091,114,114,109,1.0,0.10449129239230064,0.18921161825726138,0.956140350877193,0.0999083409715857,0.18091286307053944,0.956140350877193,0.008771929824561403,0.9912280701754386,0.11194029850746269,1.0,1.0,1.0,1.0,1.0,0.9912280701754386,0.9736842105263158,0.9649122807017544
0.95,1091,0,0,0,0.0,0.0,0.0,0.0,0.0,0.0,0.0,0.0,0.0,0.0,0.0,0.0,0.0,0.0,0.0,0.0,0.0,0.0
