epoch,train_loss,val_loss,train_char_acc,val_char_acc,train_plate_acc,val_plate_acc,epoch_time,lr_group0,val_acc_slot0,val_acc_slot1,val_acc_slot2,val_acc_slot3,val_acc_slot4,val_acc_slot5,val_acc_slot6,val_acc_slot7
1,2.377604306977371,1.9946431873191117,0.17726966594827587,0.29337605834007263,0.0,0.0,50.77650833129883,0.0008868633722347393,0.2470085471868515,0.255982905626297,0.3662393093109131,0.2491452991962433,0.25,0.24871794879436493,0.3670940101146698,0.36282050609588623
2,2.117817214439655,1.7781054553822575,0.30583243534482757,0.37852564454078674,0.00016163793103448276,0.0008547008619643748,45.484129190444946,0.0003298245565574318,0.3264957368373871,0.3123931586742401,0.5329059958457947,0.3444444537162781,0.30982905626296997,0.32564103603363037,0.4277777671813965,0.44871795177459717
3,2.0286555849272627,1.7336894842294546,0.3479727909482759,0.39615383744239807,0.0004310344827586207,0.0008547008619643748,46.07237911224365,2.2047582628822648e-08,0.34273505210876465,0.33376067876815796,0.5628204941749573,0.36367520689964294,0.3290598392486572,0.3440170884132385,0.4363247752189636,0.45683759450912476
4,2.346123636179957,1.859443221336756,0.20127289870689655,0.34524571895599365,0.0,0.0,52.42367649078369,5.981048636096478e-05,0.29316240549087524,0.3273504376411438,0.4465811848640442,0.3286324739456177,0.2884615361690521,0.30299144983291626,0.3807692229747772,0.3940171003341675
5,2.012669425175108,1.5153388027451997,0.35509159482758623,0.483386754989624,0.0003771551724137931,0.0051282052882015705,47.49763345718384,0.00017149413147063685,0.41794872283935547,0.4414529800415039,0.6320512890815735,0.4645299017429352,0.3897435963153839,0.4256410300731659,0.5286324620246887,0.5670940279960632
6,1.6290843042834051,1.0355365233543592,0.5263200431034483,0.6692841649055481,0.010883620689655172,0.04700854793190956,47.4109992980957,0.0002728891382281995,0.7025641202926636,0.6752136945724487,0.8055555820465088,0.6632478833198547,0.48162391781806946,0.5769230723381042,0.6854701042175293,0.7636752128601074
7,1.2992054906384698,0.748829164973691,0.6635237068965517,0.7682158350944519,0.06341594827586207,0.17521367967128754,46.801416635513306,0.00029989183026937836,0.8081196546554565,0.8055555820465088,0.8440170884132385,0.776068389415741,0.6094017028808594,0.7012820243835449,0.7816239595413208,0.819658100605011
8,1.0864304115032328,0.5329703012592772,0.7562836745689655,0.8532585501670837,0.16853448275862068,0.4008547067642212,47.0431125164032,0.00029741779644213535,0.8931623697280884,0.8837606906890869,0.9055555462837219,0.8632478713989258,0.721794843673706,0.8230769038200378,0.8478632569313049,0.8876068592071533
9,0.9438757534684806,0.397283172301757,0.8245824353448276,0.9008013010025024,0.32526939655172415,0.5760684013366699,47.150893449783325,0.0002917275935916552,0.9222221970558167,0.9260683655738831,0.9277777671813965,0.9085469841957092,0.843589723110199,0.8756410479545593,0.8935897350311279,0.9089743494987488
10,0.8497114510371767,0.33290211639852607,0.8665611530172413,0.9205662608146667,0.4478448275862069,0.6585469841957092,46.90755534172058,0.0002829453636402195,0.9294871687889099,0.9427350163459778,0.9410256147384644,0.9247863292694092,0.8871794939041138,0.9136751890182495,0.9017093777656555,0.9239315986633301
11,0.7920295978414601,0.2819650444210085,0.8895002693965517,0.9364316463470459,0.5314655172413794,0.7264957427978516,47.16079783439636,0.0002712627065951978,0.9444444179534912,0.9538461565971375,0.9495726227760315,0.9384615421295166,0.9051281809806824,0.9273504018783569,0.9290598034858704,0.9435897469520569
12,0.7487777709960938,0.2722847527673102,0.9079606681034482,0.9391025900840759,0.5995150862068965,0.7431623935699463,47.40179371833801,0.00025693450045321555,0.9457265138626099,0.9534187912940979,0.9465811848640442,0.9452991485595703,0.9188033938407898,0.9384615421295166,0.9264957308769226,0.938034176826477
13,0.7210203499629579,0.2343953863168374,0.9183661099137931,0.9486111402511597,0.6359913793103448,0.7769230604171753,46.945826053619385,0.00024027334058214424,0.9576923251152039,0.9602563977241516,0.9581196308135986,0.9525641202926636,0.9337607026100159,0.9410256147384644,0.9333333373069763,0.952136754989624
14,0.6960163511078933,0.22174693126963754,0.9278286637931035,0.9532585740089417,0.6747306034482758,0.7901709675788879,46.81645154953003,0.00022164271989571298,0.9594017267227173,0.9645299315452576,0.9564102292060852,0.9576923251152039,0.9405983090400696,0.9508547186851501,0.9448717832565308,0.9517093896865845
15,0.6768963517813847,0.21722132806849276,0.9345905172413793,0.9553952813148499,0.7022629310344828,0.8047008514404297,47.395989418029785,0.00020144909860739417,0.9598290324211121,0.9636752009391785,0.961965799331665,0.9581196308135986,0.9465811848640442,0.954273521900177,0.9435897469520569,0.9551281929016113
16,0.661956997575431,0.20609419703738302,0.9395406788793104,0.9582799077033997,0.7188577586206897,0.8166666626930237,47.19198155403137,0.00018013303657602337,0.964102566242218,0.9679487347602844,0.9636752009391785,0.9564102292060852,0.9508547186851501,0.9555555582046509,0.9517093896865845,0.9559829235076904
17,0.6504844928609914,0.1980505909675207,0.9441742995689655,0.9605769515037537,0.7388469827586207,0.8277778029441833,47.593841791152954,0.00015815958170684686,0.9636752009391785,0.9688034057617188,0.966239333152771,0.9589743614196777,0.9534187912940979,0.9628205299377441,0.952136754989624,0.9585469961166382
18,0.6372078731142241,0.19305768336495782,0.9480199353448275,0.9613248109817505,0.7554418103448276,0.8303418755531311,47.81485152244568,0.00013600812410216842,0.9632478356361389,0.9700854420661926,0.9645299315452576,0.9611111283302307,0.9559829235076904,0.9623931646347046,0.9525641202926636,0.9606837630271912
19,0.6288276409280711,0.18740654959637895,0.9509226831896552,0.9628739356994629,0.7692887931034482,0.8380342125892639,49.11560416221619,0.00011416193731139173,0.9632478356361389,0.9709401726722717,0.9688034057617188,0.964102566242218,0.9572649598121643,0.9611111283302307,0.9564102292060852,0.9611111283302307
20,0.6211624145507812,0.18664283166583787,0.9537378771551724,0.9631944298744202,0.7768318965517241,0.8371794819831848,47.950509548187256,9.309763485673845e-05,0.9688034057617188,0.9713675379753113,0.9658119678497314,0.9649572372436523,0.9534187912940979,0.9636752009391785,0.9555555582046509,0.961965799331665
21,0.6132766723632812,0.18405536074414214,0.9559603987068965,0.963568389415741,0.7865840517241379,0.8414530158042908,48.11298155784607,7.327477205933669e-05,0.9675213694572449,0.9722222089767456,0.9688034057617188,0.9666666388511658,0.9615384340286255,0.9632478356361389,0.9491453170776367,0.9594017267227173
22,0.6096918040308459,0.17656439593714526,0.957421875,0.9661858677864075,0.7901400862068966,0.8478632569313049,47.55504107475281,5.512582002038453e-05,0.9675213694572449,0.9747863411903381,0.9705128073692322,0.9653846025466919,0.9602563977241516,0.9683760404586792,0.9585469961166382,0.964102566242218
23,0.6034584834657867,0.17704520895440354,0.959051724137931,0.9657585620880127,0.7955280172413793,0.8474358916282654,47.726234436035156,3.9046730492870395e-05,0.9696581363677979,0.9756410121917725,0.9683760404586792,0.9658119678497314,0.9594017267227173,0.9653846025466919,0.9572649598121643,0.9645299315452576
24,0.5999123408876617,0.1758962003593771,0.961065463362069,0.966613233089447,0.8054418103448275,0.8504273295402527,47.793643951416016,2.5388297487997332e-05,0.9675213694572449,0.9747863411903381,0.9705128073692322,0.966239333152771,0.9598290324211121,0.9683760404586792,0.9602563977241516,0.9653846025466919
25,0.5990065475990032,0.17472354246255678,0.9604660560344828,0.9669337868690491,0.8019396551724138,0.8551282286643982,47.82078003883362,1.4448504078272571e-05,0.9688034057617188,0.973931610584259,0.971794843673706,0.9666666388511658,0.9598290324211121,0.9679487347602844,0.9615384340286255,0.9649572372436523
26,0.596118479761584,0.17303661008675894,0.96171875,0.9672008752822876,0.8064655172413793,0.8547008633613586,47.780200719833374,6.46602136540019e-06,0.9683760404586792,0.9764957427978516,0.9722222089767456,0.9670940041542053,0.9606837630271912,0.9683760404586792,0.9602563977241516,0.964102566242218
27,0.5951874831627155,0.17328709919228513,0.9623316271551724,0.9674145579338074,0.8094288793103448,0.8581196665763855,48.581369161605835,1.6150014445853389e-06,0.9688034057617188,0.9752136468887329,0.9722222089767456,0.9675213694572449,0.9606837630271912,0.9679487347602844,0.9615384340286255,0.9653846025466919
28,0.5939544677734375,0.17326627434828343,0.9621632543103448,0.9669871926307678,0.8080280172413793,0.855555534362793,48.60805130004883,1.2779660192425792e-09,0.9688034057617188,0.9756410121917725,0.9713675379753113,0.9670940041542053,0.9594017267227173,0.9675213694572449,0.9606837630271912,0.9653846025466919
