,precision,recall,f1-score,support
الف (Alef),0.5714285714285714,1.0,0.7272727272727273,4.0
آ (A),0.0,0.0,0.0,4.0
ب (B),1.0,0.9890909090909091,0.9945155393053017,275.0
ت (T),1.0,0.9811320754716981,0.9904761904761905,106.0
ج (J),0.9709090909090909,0.9744525547445255,0.9726775956284153,274.0
د (D),0.9969418960244648,0.9760479041916168,0.9863842662632375,334.0
ژ (Zh),0.5714285714285714,0.8,0.6666666666666666,5.0
س (S),0.9406392694063926,0.911504424778761,0.9258426966292135,226.0
ص (Sad),0.9442815249266863,0.9611940298507463,0.9526627218934911,335.0
ط (Ta),0.9919028340080972,0.98,0.9859154929577465,250.0
ع (Ein),1.0,0.9682539682539683,0.9838709677419355,63.0
ق (Gh),0.9873015873015873,0.9749216300940439,0.9810725552050473,319.0
ل (L),0.9849246231155779,0.9751243781094527,0.98,201.0
م (M),0.9857651245551602,0.9964028776978417,0.9910554561717353,278.0
ن (N),0.957345971563981,1.0,0.9782082324455206,202.0
و (V),0.9861111111111112,0.993006993006993,0.9895470383275261,286.0
ه (H),0.9948979591836735,0.9848484848484849,0.9898477157360406,198.0
ی (Y),0.9536082474226805,0.9736842105263158,0.9635416666666666,190.0
micro avg,0.976029328821207,0.9749295774647887,0.9754791431792559,3550.0
macro avg,0.8798603545769803,0.9133146911480754,0.8921976405215256,3550.0
weighted avg,0.9762236120412897,0.9749295774647887,0.9753979514309544,3550.0
