model,letter,latin,n_test,accuracy
scratch,الف,Alef,4,0.75
scratch,آ,A,4,0.0
scratch,ب,B,275,0.9927272727272727
scratch,ت,T,106,0.9811320754716981
scratch,ج,J,274,1.0
scratch,د,D,334,0.9970059880239521
scratch,ژ,Zh,5,0.8
scratch,س,S,226,0.9557522123893806
scratch,ص,Sad,335,0.9701492537313433
scratch,ط,Ta,250,0.992
scratch,ع,Ein,63,0.9682539682539683
scratch,ق,Gh,319,0.9843260188087775
scratch,ل,L,201,0.9900497512437811
scratch,م,M,278,1.0
scratch,ن,N,202,1.0
scratch,و,V,286,1.0
scratch,ه,H,198,0.9949494949494949
scratch,ی,Y,190,0.9947368421052631
pretrained,الف,Alef,4,1.0
pretrained,آ,A,4,0.0
pretrained,ب,B,275,0.9890909090909091
pretrained,ت,T,106,0.9811320754716981
pretrained,ج,J,274,0.9744525547445255
pretrained,د,D,334,0.9760479041916168
pretrained,ژ,Zh,5,0.8
pretrained,س,S,226,0.911504424778761
pretrained,ص,Sad,335,0.9611940298507463
pretrained,ط,Ta,250,0.98
pretrained,ع,Ein,63,0.9682539682539683
pretrained,ق,Gh,319,0.9749216300940439
pretrained,ل,L,201,0.9751243781094527
pretrained,م,M,278,0.9964028776978417
pretrained,ن,N,202,1.0
pretrained,و,V,286,0.993006993006993
pretrained,ه,H,198,0.9848484848484849
pretrained,ی,Y,190,0.9736842105263158
