step,grad_norm,lr_group0,letter_softmax_gt_0.99,grad_features.0.0.weight,grad_features.9.block.1.0.weight,grad_features.16.0.weight,grad_head.fc.weight,grad_head.letter_head.weight,zero_frac_features.1.block.0.2,zero_frac_features.5.block.1.2,zero_frac_features.15.block.2.activation,zero_frac_head.reduce.2,zero_frac_head.act
0,0.8026543855667114,4.057369120689079e-05,0.0,,,,0.20009726285934448,0.22086304426193237,0.15982413291931152,0.4958852529525757,0.5137695670127869,0.5012016296386719,0.4996185302734375
10,0.6600399613380432,0.00010777270987587652,0.0,,,,0.17879171669483185,0.22188788652420044,0.16045451164245605,0.4965009391307831,0.5095703601837158,0.5011005401611328,0.4988250732421875
20,0.6204304099082947,0.0002715812915736255,0.0,,,,0.151175394654274,0.20839393138885498,0.15704238414764404,0.4931389093399048,0.5098307728767395,0.5009136199951172,0.505523681640625
30,0.6273640990257263,0.0004936092669025322,0.0,,,,0.12193344533443451,0.23243558406829834,0.1606353521347046,0.4969724416732788,0.5151041746139526,0.5007648468017578,0.5129547119140625
40,0.5812233686447144,0.0007218221728598486,0.0,,,,0.10820426046848297,0.24601241946220398,0.15768110752105713,0.49441710114479065,0.5118489861488342,0.5005416870117188,0.509033203125
50,0.5583863854408264,0.0009027360464711152,0.0,,,,0.10050643235445023,0.21540671586990356,0.16030001640319824,0.49846550822257996,0.5155599117279053,0.5011768341064453,0.4918212890625
60,0.571835458278656,0.0009939519231501619,0.0,,,,0.10493279248476028,0.23173800110816956,0.1587895154953003,0.49511414766311646,0.5126953125,0.5024242401123047,0.468963623046875
70,0.5167171359062195,0.0009991779274370935,0.0,,,,0.10277042537927628,0.17557373642921448,0.15914583206176758,0.4948362112045288,0.5124348998069763,0.5035362243652344,0.45147705078125
80,0.5729804039001465,0.0009949450352655994,0.0,,,,0.1306304782629013,0.23212046921253204,0.15939652919769287,0.4950760006904602,0.5127604603767395,0.5042991638183594,0.4656982421875
90,0.628736138343811,0.000987141246175749,0.0,,,,0.15231284499168396,0.18393896520137787,0.15883314609527588,0.494413286447525,0.5160807371139526,0.5038948059082031,0.4943695068359375
100,0.6091001629829407,0.0009758228626598031,0.0,,,,0.17293959856033325,0.2506268620491028,0.15672516822814941,0.4915273189544678,0.51123046875,0.5057392120361328,0.510406494140625
110,0.6183109283447266,0.0009610715441774126,0.0,,,,0.16961967945098877,0.20174308121204376,0.15980470180511475,0.4961230158805847,0.5108073353767395,0.5030708312988281,0.5079498291015625
120,0.6681707501411438,0.0009429937180019348,0.0,,,,0.19141598045825958,0.2223406732082367,0.15925753116607666,0.49558693170547485,0.5134440660476685,0.49944114685058594,0.51165771484375
130,0.6105573177337646,0.0009217198113728315,0.0,,,,0.19220001995563507,0.21245495975017548,0.1587989330291748,0.4958536922931671,0.5146158933639526,0.49804115295410156,0.5099334716796875
140,0.6079019904136658,0.0008974033104939901,0.0,,,,0.1900201141834259,0.19772101938724518,0.15930569171905518,0.4949193596839905,0.5119792222976685,0.5016193389892578,0.5146331787109375
150,0.6137652397155762,0.000870219653167069,0.0,,,,0.2096351981163025,0.18265634775161743,0.16051459312438965,0.49697116017341614,0.515332043170929,0.4993877410888672,0.5128631591796875
160,0.6164332032203674,0.0008403649630492617,0.0,,,,0.19976449012756348,0.19990982115268707,0.15813112258911133,0.49468666315078735,0.5108398795127869,0.4972419738769531,0.50958251953125
170,0.6353321075439453,0.0008080546346675013,0.0,,,,0.20836777985095978,0.19734008610248566,0.15947484970092773,0.4954920709133148,0.5076172351837158,0.4966011047363281,0.5050506591796875
180,0.635438084602356,0.0007735217793979034,0.0,,,,0.20701321959495544,0.2062777578830719,0.15987086296081543,0.49646735191345215,0.5074219107627869,0.4935626983642578,0.5052337646484375
190,0.6200434565544128,0.00073701554362233,0.0,,,,0.20248158276081085,0.19776666164398193,0.15893816947937012,0.4958887994289398,0.5138997435569763,0.493682861328125,0.5077362060546875
200,0.5741862058639526,0.0006987993111961817,0.0,,,,0.2072533518075943,0.18964546918869019,0.16017723083496094,0.495670348405838,0.5116862058639526,0.49549293518066406,0.505340576171875
210,0.6396378874778748,0.0006591488031961846,0.0,,,,0.22003889083862305,0.19532890617847443,0.16051816940307617,0.4967038631439209,0.5118164420127869,0.4955158233642578,0.5051727294921875
220,0.6170330047607422,0.0006183500886580463,0.0,,,,0.2254945933818817,0.19757145643234253,0.15871918201446533,0.49549156427383423,0.5160481929779053,0.4929523468017578,0.50286865234375
230,0.6667154431343079,0.000576697520656033,0.0,,,,0.2332434505224228,0.2672397196292877,0.1607140302658081,0.49725115299224854,0.5121744871139526,0.4975852966308594,0.50286865234375
240,0.6349471211433411,0.0005344916126151695,0.0,,,,0.22639329731464386,0.20339848101139069,0.1597602367401123,0.4958330988883972,0.51025390625,0.4951457977294922,0.4944000244140625
250,0.6359891295433044,0.0004920368701779667,0.0,,,,0.22469189763069153,0.1939559429883957,0.15910959243774414,0.49564695358276367,0.5132487416267395,0.4955310821533203,0.4996337890625
260,0.6193680167198181,0.00044963959426824117,0.0,,,,0.22346952557563782,0.20031850039958954,0.16066527366638184,0.49743348360061646,0.5118489861488342,0.49742698669433594,0.495697021484375
270,0.5906216502189636,0.0004076056712024081,0.0,,,,0.22271546721458435,0.17715094983577728,0.1613067388534546,0.49772265553474426,0.5093424916267395,0.49446868896484375,0.497161865234375
280,0.6101681590080261,0.00036623836579206673,0.0,,,,0.22408604621887207,0.19915704429149628,0.15758299827575684,0.4947347342967987,0.5141276121139526,0.4954986572265625,0.4936370849609375
290,0.6293907165527344,0.00032583613336012365,0.0,,,,0.23394447565078735,0.22014275193214417,0.15971159934997559,0.49520087242126465,0.511425793170929,0.4981822967529297,0.4918212890625
300,0.6238281726837158,0.00028669046645623874,0.0,,,,0.2313689887523651,0.19837027788162231,0.1592475175857544,0.4963109493255615,0.5109049677848816,0.4967823028564453,0.493408203125
310,0.5929799675941467,0.00024908379180703296,0.0,,,,0.22600767016410828,0.17936548590660095,0.1598830223083496,0.49471667408943176,0.5081380605697632,0.4964027404785156,0.4947662353515625
320,0.6166737079620361,0.00021328743267406638,0.0,,,,0.2432352900505066,0.18381084501743317,0.16018295288085938,0.49555107951164246,0.5093750357627869,0.49591064453125,0.4962310791015625
330,0.6116918921470642,0.0001795596513206871,0.0,,,,0.23420220613479614,0.16045664250850677,0.15887844562530518,0.4964437186717987,0.511425793170929,0.4956645965576172,0.494720458984375
340,0.6212780475616455,0.00014814378571089586,0.0,,,,0.24613136053085327,0.16941900551319122,0.16152799129486084,0.496982604265213,0.51171875,0.49349212646484375,0.4924774169921875
350,0.7191638350486755,0.00011926649388349777,0.0,,,,0.2654655873775482,0.424437940120697,0.16100215911865234,0.4978340268135071,0.5130534172058105,0.493438720703125,0.4947662353515625
360,0.6136998534202576,9.313611866796907e-05,0.0,,,,0.23827813565731049,0.20494487881660461,0.15906810760498047,0.4955546259880066,0.5112956166267395,0.4950428009033203,0.492462158203125
370,0.596092939376831,6.99411845402278e-05,0.0,,,,0.24110671877861023,0.18265292048454285,0.16016626358032227,0.49538475275039673,0.5115885734558105,0.4947242736816406,0.4925384521484375
380,0.6004235148429871,4.9849037463135665e-05,0.0,,,,0.23270435631275177,0.16589991748332977,0.15803003311157227,0.4947105646133423,0.5132487416267395,0.4941444396972656,0.4939422607421875
390,0.6200327277183533,3.300463752496254e-05,0.0,,,,0.23855572938919067,0.17521274089813232,0.1610112190246582,0.4983322322368622,0.51220703125,0.4918651580810547,0.4907379150390625
400,0.6195223331451416,1.952951308664112e-05,0.0,,,,0.240298330783844,0.23257756233215332,0.15903353691101074,0.495304137468338,0.513867199420929,0.49420928955078125,0.4889068603515625
410,0.7489336729049683,9.520883983390253e-06,0.0,,,,0.25179168581962585,0.4703591465950012,0.16079926490783691,0.4976496696472168,0.5106120109558105,0.49554443359375,0.493255615234375
420,0.5962602496147156,3.0509601066018457e-06,0.0,,,,0.24080869555473328,0.17905274033546448,0.16011178493499756,0.49619701504707336,0.5111653804779053,0.4920940399169922,0.4907379150390625
430,0.59126216173172,1.6642042655639915e-07,0.0,,,,0.24180051684379578,0.18732057511806488,0.16067326068878174,0.49901965260505676,0.5134440660476685,0.4929046630859375,0.492095947265625
431,2.4937965869903564,1.2002412300267601e-05,0.0,0.903821587562561,0.25824540853500366,0.2859359681606293,0.36328890919685364,0.279491126537323,0.163718581199646,0.4990382194519043,0.5295247435569763,0.4965534210205078,0.4893035888671875
441,2.0240249633789062,1.2291790550388872e-05,0.0,0.4409894049167633,0.16248473525047302,0.2899170219898224,0.34549838304519653,0.20582859218120575,0.1630021333694458,0.4985303580760956,0.5264648795127869,0.49611854553222656,0.4835662841796875
451,1.8482115268707275,1.3062518161986345e-05,0.0,0.3393496572971344,0.12376534193754196,0.2712819278240204,0.3204234540462494,0.21063445508480072,0.16437435150146484,0.4980761408805847,0.5243164300918579,0.4979705810546875,0.4801483154296875
461,1.8718092441558838,1.4312013589822296e-05,0.0,0.5432314872741699,0.14923501014709473,0.2663990259170532,0.31324636936187744,0.21926259994506836,0.16203093528747559,0.49771806597709656,0.5245117545127869,0.49866676330566406,0.476776123046875
471,2.03554105758667,1.603609166014316e-05,0.0,0.5733293294906616,0.14840468764305115,0.2505735754966736,0.2953065037727356,0.23174810409545898,0.16318237781524658,0.49808427691459656,0.5222005248069763,0.4973487854003906,0.4761810302734375
481,1.7053145170211792,1.8228977588881606e-05,0.0,0.6272339224815369,0.09946174174547195,0.23686820268630981,0.28417259454727173,0.17869792878627777,0.16310811042785645,0.499124675989151,0.5170572996139526,0.4978523254394531,0.4709930419921875
491,2.1998467445373535,2.0883326324243855e-05,0.0,0.6518813371658325,0.16134583950042725,0.23502515256404877,0.29591986536979675,0.5032696723937988,0.16324639320373535,0.49783581495285034,0.5183268785476685,0.4959068298339844,0.469879150390625
501,1.52991783618927,2.39902471488952e-05,0.0,0.32419246435165405,0.11154484748840332,0.2064550518989563,0.252766877412796,0.19162499904632568,0.16203904151916504,0.4992177486419678,0.5183919668197632,0.4957904815673828,0.46405029296875
511,1.424005389213562,2.7539333459337977e-05,0.0,0.42957624793052673,0.08783158659934998,0.19227460026741028,0.23460356891155243,0.20319430530071259,0.1627558469772339,0.4982289969921112,0.5157877802848816,0.49681663513183594,0.4590606689453125
521,1.4615861177444458,3.151869762273683e-05,0.0,0.3721567988395691,0.13626036047935486,0.1977730393409729,0.23431529104709625,0.1979903280735016,0.16298401355743408,0.4977979362010956,0.5170572996139526,0.4957237243652344,0.454986572265625
531,1.4241676330566406,3.5915010794438664e-05,0.0,0.5598114728927612,0.10105162113904953,0.191547691822052,0.22292202711105347,0.19208623468875885,0.16284239292144775,0.4988662898540497,0.5143880248069763,0.49817657470703125,0.449310302734375
541,1.4778878688812256,4.0713547562818385e-05,0.0,0.5903424620628357,0.08514896780252457,0.1820574700832367,0.21936386823654175,0.19238564372062683,0.16163146495819092,0.49723029136657715,0.509765625,0.4971637725830078,0.4473419189453125
551,1.226374864578247,4.589823527191344e-05,0.0,0.35131725668907166,0.07480894029140472,0.17660187184810638,0.21027950942516327,0.1706342250108719,0.16380369663238525,0.4983660578727722,0.5106120109558105,0.4984607696533203,0.4470062255859375
561,1.219302773475647,5.145170785664113e-05,0.0,0.26414287090301514,0.08131464570760727,0.1731966733932495,0.20723913609981537,0.14223837852478027,0.16350340843200684,0.4982335567474365,0.5092447996139526,0.4974250793457031,0.447509765625
571,1.3031998872756958,5.735536401027809e-05,0.0,0.3993150591850281,0.08420305699110031,0.1776135265827179,0.2187190055847168,0.19370858371257782,0.16170990467071533,0.4972821772098541,0.5049479603767395,0.4986419677734375,0.446929931640625
581,1.3463433980941772,6.358942948937079e-05,0.0,0.39045068621635437,0.08602515608072281,0.1808628886938095,0.22551938891410828,0.22056108713150024,0.16260254383087158,0.49766314029693604,0.5006185173988342,0.5009098052978516,0.45330810546875
591,1.2558274269104004,7.013302334738696e-05,0.0,0.31307274103164673,0.08278778940439224,0.18067078292369843,0.2393931895494461,0.2275213897228241,0.1646120548248291,0.4989153742790222,0.49765628576278687,0.5011520385742188,0.4621429443359375
601,1.352094292640686,7.69642278752592e-05,0.0,0.4150828421115875,0.09851419925689697,0.182466521859169,0.2243216186761856,0.1911688596010208,0.1634960174560547,0.4980303645133972,0.49716800451278687,0.502777099609375,0.47064208984375
611,1.2363249063491821,8.406016201455531e-05,0.0,0.25924304127693176,0.0919780433177948,0.175265833735466,0.2293965071439743,0.1845095157623291,0.16317081451416016,0.49713417887687683,0.4973958730697632,0.50238037109375,0.47674560546875
621,1.287168264389038,9.139705799737877e-05,0.0,0.3113727569580078,0.08984661847352982,0.17801764607429504,0.23430529236793518,0.2023499310016632,0.16402649879455566,0.4993576407432556,0.48929038643836975,0.5042076110839844,0.4852447509765625
631,1.320359230041504,9.895034095629452e-05,0.0,0.48195916414260864,0.07983515411615372,0.17899411916732788,0.23078447580337524,0.20733946561813354,0.16181445121765137,0.49850770831108093,0.49293622374534607,0.5028800964355469,0.4880523681640625
641,1.2317184209823608,0.00010669471123762764,0.0,0.36407673358917236,0.08866026997566223,0.1648699790239334,0.2193145602941513,0.174135223031044,0.16104912757873535,0.49822160601615906,0.48610028624534607,0.5051498413085938,0.4904632568359375
651,1.1698790788650513,0.00011460422914242677,0.0,0.16919153928756714,0.07139840722084045,0.1652638167142868,0.21746253967285156,0.1753414422273636,0.16239893436431885,0.4983375668525696,0.48815107345581055,0.5066909790039062,0.495635986328125
661,1.169004201889038,0.00012265240181125382,0.0,0.28488287329673767,0.06598439067602158,0.16237163543701172,0.22078169882297516,0.18947578966617584,0.16241085529327393,0.4986722469329834,0.4901367425918579,0.5088901519775391,0.4936065673828125
671,1.0701911449432373,0.0001308122719617793,0.0,0.20746542513370514,0.05878623574972153,0.1537371724843979,0.21749798953533173,0.17156729102134705,0.16124391555786133,0.49926990270614624,0.4862304925918579,0.5074634552001953,0.494171142578125
681,1.022922396659851,0.0001390565081819585,0.0,0.14954811334609985,0.05437381565570831,0.15451711416244507,0.21407540142536163,0.16935919225215912,0.1639620065689087,0.49903160333633423,0.48121747374534607,0.5103244781494141,0.4963531494140625
691,1.1028176546096802,0.00014735749647635125,0.0,0.4322192668914795,0.06079420819878578,0.15094029903411865,0.20969976484775543,0.1706380993127823,0.16255640983581543,0.49868038296699524,0.47773438692092896,0.5118427276611328,0.497344970703125
701,1.028035283088684,0.00015568743275895292,0.0,0.18188311159610748,0.05379074439406395,0.15222389996051788,0.21521784365177155,0.1844310164451599,0.16243016719818115,0.498788982629776,0.48072919249534607,0.5109767913818359,0.49420166015625
711,1.001090168952942,0.00016401841598273116,0.0,0.2107928991317749,0.05416082963347435,0.15146593749523163,0.21976304054260254,0.20328892767429352,0.1628183126449585,0.4998881220817566,0.47936201095581055,0.5129203796386719,0.49395751953125
721,0.952621579170227,0.00017232254159393385,0.0,0.15540044009685516,0.048080962151288986,0.14277620613574982,0.2066684067249298,0.17687253654003143,0.16460931301116943,0.4995104670524597,0.47968751192092896,0.513641357421875,0.4952392578125
731,0.9562296867370605,0.00018057199499814153,0.0,0.19824925065040588,0.05174463614821434,0.14613668620586395,0.21344327926635742,0.180022731423378,0.16372990608215332,0.49989014863967896,0.4798828363418579,0.5156478881835938,0.4935760498046875
741,1.161269187927246,0.00018873914472500292,0.0,0.24816350638866425,0.07771659642457962,0.13816627860069275,0.20752890408039093,0.20350049436092377,0.1623365879058838,0.4992823600769043,0.47854819893836975,0.5151386260986328,0.49383544921875
751,1.0071467161178589,0.0001967966349795975,0.0,0.2168484330177307,0.056265197694301605,0.1340063512325287,0.20549429953098297,0.21368882060050964,0.16336548328399658,0.49976274371147156,0.47861331701278687,0.5177497863769531,0.4925689697265625
761,0.9141725897789001,0.0002047174772704257,0.0,0.2082056850194931,0.05004801228642464,0.13113580644130707,0.1980360895395279,0.17565594613552094,0.16321003437042236,0.4993685781955719,0.4794270992279053,0.5186443328857422,0.4901580810546875
771,0.9419388175010681,0.00021247514080711965,0.0,0.18913225829601288,0.04570632427930832,0.13497819006443024,0.21891871094703674,0.25093111395835876,0.16438734531402588,0.5000041127204895,0.47669273614883423,0.5214080810546875,0.4938812255859375
781,0.855114221572876,0.00022004364136508822,0.0,0.10140658169984818,0.04327937215566635,0.12930423021316528,0.19964542984962463,0.16066712141036987,0.16275739669799805,0.49911731481552124,0.479947954416275,0.5228042602539062,0.49078369140625
791,0.9377492666244507,0.0002273976283194446,0.0,0.26110488176345825,0.0440099835395813,0.1436721384525299,0.21691760420799255,0.16659913957118988,0.16178905963897705,0.5001129508018494,0.4715820550918579,0.5241832733154297,0.489501953125
801,0.9028046131134033,0.00023451246955669762,0.0,0.2001035362482071,0.039848849177360535,0.13908925652503967,0.21662530303001404,0.15822623670101166,0.16353261470794678,0.5008799433708191,0.4738607108592987,0.5250225067138672,0.4871063232421875
811,0.935383141040802,0.00024136433397979522,0.0,0.29225897789001465,0.049402300268411636,0.14288511872291565,0.216790571808815,0.15323908627033234,0.1637568473815918,0.49991992115974426,0.46927085518836975,0.5230827331542969,0.4889984130859375
821,0.924328088760376,0.00024793027133017105,0.0,0.25368183851242065,0.04364441707730293,0.1447107493877411,0.218361496925354,0.17375756800174713,0.1622605323791504,0.4994041621685028,0.4706054925918579,0.5248126983642578,0.4871063232421875
831,0.9270332455635071,0.0002541882890594302,0.0,0.12623648345470428,0.04149071127176285,0.14976121485233307,0.23244771361351013,0.2242843508720398,0.1618344783782959,0.49975258111953735,0.4774414300918579,0.5281562805175781,0.487518310546875
841,0.8811861872673035,0.00026011742599319247,0.0,0.15908372402191162,0.03993131220340729,0.14558713138103485,0.2187364399433136,0.17948129773139954,0.16317403316497803,0.5001363158226013,0.4785156548023224,0.5282440185546875,0.48602294921875
851,0.9098027944564819,0.0002656978225403597,0.0,0.2737267315387726,0.043397292494773865,0.1447834074497223,0.21027442812919617,0.15539324283599854,0.16289567947387695,0.49990007281303406,0.48121747374534607,0.5304183959960938,0.4845123291015625
861,0.8173997402191162,0.00027091078721263706,0.0,0.15417787432670593,0.03975231572985649,0.12588125467300415,0.20742809772491455,0.1425502747297287,0.16331195831298828,0.500934362411499,0.49231773614883423,0.5329093933105469,0.481048583984375
871,0.8918688893318176,0.00027573885923150684,0.0,0.2640756368637085,0.03966372832655907,0.13639770448207855,0.2176888883113861,0.1485806703567505,0.16103053092956543,0.5009112358093262,0.4945312738418579,0.5330085754394531,0.4814453125
881,0.8633314967155457,0.0002801658670129492,0.0,0.11148221790790558,0.038964033126831055,0.14454102516174316,0.23635484278202057,0.1820780336856842,0.16290557384490967,0.5013270378112793,0.48512372374534607,0.5345401763916016,0.4835205078125
891,0.8707939386367798,0.00028417698233401846,0.0,0.15062634646892548,0.04482593759894371,0.14527951180934906,0.22063124179840088,0.1598876565694809,0.16292333602905273,0.5005081295967102,0.4906250238418579,0.5338344573974609,0.4786224365234375
901,0.8842797875404358,0.000287758769999843,0.0,0.12180653214454651,0.04041329771280289,0.14824055135250092,0.22548794746398926,0.23371458053588867,0.16285169124603271,0.5000356435775757,0.5007161498069763,0.5341358184814453,0.476531982421875
911,0.8160563707351685,0.00029089923284469037,0.0,0.06632506102323532,0.04067050293087959,0.13895311951637268,0.21274885535240173,0.1840643286705017,0.1643235683441162,0.5011136531829834,0.4973958730697632,0.5351371765136719,0.478485107421875
921,0.8846551179885864,0.00029358785191636633,0.0,0.14981617033481598,0.04471781477332115,0.14703799784183502,0.22430655360221863,0.14378853142261505,0.1618208885192871,0.5007756948471069,0.49042969942092896,0.536407470703125,0.4759979248046875
931,0.8444228172302246,0.0002958156217093515,0.0,0.13848227262496948,0.03815740719437599,0.140765979886055,0.2303798943758011,0.17889489233493805,0.1630866527557373,0.5006228685379028,0.49498701095581055,0.5391197204589844,0.4742584228515625
941,0.886614978313446,0.00029757508032866083,0.0,0.107552170753479,0.04394257441163063,0.14681103825569153,0.2305445820093155,0.16147957742214203,0.1623547077178955,0.5006424188613892,0.4950520992279053,0.53985595703125,0.47540283203125
951,0.8752143979072571,0.0002988603344833949,0.0,0.15080447494983673,0.04297076538205147,0.14579041302204132,0.22427859902381897,0.15549039840698242,0.16217637062072754,0.5007487535476685,0.4983724355697632,0.5402927398681641,0.474365234375
961,0.9155048727989197,0.00029966707922626437,0.0,0.18777939677238464,0.04221305623650551,0.15340252220630646,0.23631809651851654,0.1433441936969757,0.1631413698196411,0.5003718137741089,0.499479204416275,0.5412025451660156,0.472991943359375
971,0.8403034210205078,0.0002999926123729727,0.0,0.10262052714824677,0.04890015348792076,0.14521145820617676,0.2149236798286438,0.13358744978904724,0.16223514080047607,0.5003342032432556,0.5026692748069763,0.5412979125976562,0.4688873291015625
981,0.8168107867240906,0.00029999469346864437,0.0,0.11021017283201218,0.03437422960996628,0.14022281765937805,0.21465225517749786,0.18534937500953674,0.16314935684204102,0.500421404838562,0.5029622912406921,0.5428695678710938,0.473785400390625
991,0.8729725480079651,0.0002999740331897,0.0,0.1366666704416275,0.04169541969895363,0.15345308184623718,0.21763209998607635,0.15722227096557617,0.1629396677017212,0.5011846423149109,0.5034505724906921,0.5428390502929688,0.47052001953125
1001,0.8761948943138123,0.0002999377825399989,0.0,0.16488505899906158,0.0391969308257103,0.14646518230438232,0.22228246927261353,0.17429867386817932,0.16396141052246094,0.5006747245788574,0.5025716423988342,0.5454368591308594,0.4707183837890625
1011,0.8414134979248047,0.00029988594528794883,0.0,0.13776123523712158,0.03405126556754112,0.1397949457168579,0.22011789679527283,0.22253669798374176,0.16240227222442627,0.5005111694335938,0.5077799558639526,0.5445022583007812,0.4685821533203125
1021,0.8306361436843872,0.0002998185268222508,0.0,0.10142271220684052,0.03618871420621872,0.14627261459827423,0.21897688508033752,0.13513129949569702,0.16265225410461426,0.5009946227073669,0.4991862177848816,0.5449428558349609,0.4684906005859375
1031,0.7761281728744507,0.0002997355341513385,0.0,0.11190053075551987,0.030896110460162163,0.1376359611749649,0.20859576761722565,0.14595367014408112,0.16259300708770752,0.4998975396156311,0.5048828125,0.5464096069335938,0.46759033203125
1041,0.9114502668380737,0.0002996369759026501,0.0,0.16584791243076324,0.04140454903244972,0.14384667575359344,0.2136913537979126,0.21930019557476044,0.16175520420074463,0.5007830858230591,0.5051758289337158,0.5463047027587891,0.4661865234375
1051,0.8488944172859192,0.00029952286232173104,0.0,0.16943475604057312,0.046079766005277634,0.14425848424434662,0.22130179405212402,0.13308466970920563,0.16256117820739746,0.5008766651153564,0.5059896111488342,0.5470066070556641,0.4656982421875
1061,0.8066137433052063,0.0002993932052711694,0.0,0.0958998054265976,0.0357510969042778,0.14972804486751556,0.21309839189052582,0.15847431123256683,0.16226482391357422,0.500849187374115,0.5133463740348816,0.5489845275878906,0.4679412841796875
1071,0.8151038289070129,0.0002992480182293621,0.0,0.10150792449712753,0.0380895771086216,0.14174999296665192,0.20683878660202026,0.1715967059135437,0.16304945945739746,0.5011004209518433,0.5106445550918579,0.5474090576171875,0.4622039794921875
1081,0.8157052397727966,0.00029908731628911444,0.0,0.09060007333755493,0.036717839539051056,0.14596107602119446,0.21869000792503357,0.1825159341096878,0.16351747512817383,0.500434398651123,0.5160807371139526,0.5494441986083984,0.4641265869140625
1091,0.8238204121589661,0.00029891111615607067,0.0,0.1357133388519287,0.035445164889097214,0.14204081892967224,0.21187424659729004,0.1635095477104187,0.16255855560302734,0.5006678700447083,0.5083659291267395,0.5502376556396484,0.461822509765625
1101,0.818187415599823,0.0002987194361469776,0.0,0.1598021686077118,0.036325693130493164,0.143684983253479,0.20694544911384583,0.13652513921260834,0.16194379329681396,0.500690221786499,0.5142903923988342,0.5504055023193359,0.464263916015625
1111,0.8158894181251526,0.0002985122961877805,0.0,0.2247874140739441,0.0363856740295887,0.14268945157527924,0.20130975544452667,0.1785488724708557,0.16226863861083984,0.500830352306366,0.519726574420929,0.5521488189697266,0.4645233154296875
1121,0.7955548763275146,0.00029828971781155144,0.0,0.07639402151107788,0.03890138119459152,0.14463455975055695,0.2088673710823059,0.1469970941543579,0.1622464656829834,0.5008544921875,0.5165690183639526,0.5521163940429688,0.4599761962890625
1131,0.8327538371086121,0.00029805172415625115,0.0,0.08576731383800507,0.03600344434380531,0.15207336843013763,0.2172284573316574,0.14466847479343414,0.16297399997711182,0.5007851123809814,0.5155599117279053,0.5533504486083984,0.4632415771484375
1141,0.7775672078132629,0.0002977983399623237,0.0,0.1626003533601761,0.038769327104091644,0.14433446526527405,0.20328742265701294,0.1425798237323761,0.1627739667892456,0.5009440183639526,0.5193034410476685,0.5524120330810547,0.4622344970703125
1151,0.8637257218360901,0.0002975295915701244,0.0,0.08606722950935364,0.04512716084718704,0.15413127839565277,0.2149965614080429,0.1469801962375641,0.1625574827194214,0.500733494758606,0.5170572996139526,0.5501270294189453,0.46026611328125
1161,1.5888084173202515,0.00029724550691718186,0.0,0.2060101181268692,0.07084079831838608,0.2863495647907257,0.2937318980693817,0.558097243309021,0.16261732578277588,0.5013115406036377,0.5178059935569763,0.5511703491210938,0.460845947265625
1171,0.7528252005577087,0.0002969461155352936,0.0,0.12752938270568848,0.03531647473573685,0.13498368859291077,0.19150367379188538,0.18538358807563782,0.16346144676208496,0.5013476610183716,0.5241862535476685,0.5530815124511719,0.459716796875
1181,0.7603380084037781,0.0002966314485474562,0.0,0.11062805354595184,0.034378331154584885,0.13820357620716095,0.19332781434059143,0.14550313353538513,0.16396892070770264,0.5003225207328796,0.5221028923988342,0.5557212829589844,0.461212158203125
1191,0.7836016416549683,0.0002963015386646299,0.0,0.1068468764424324,0.04001975059509277,0.14087894558906555,0.20101149380207062,0.14617697894573212,0.16277217864990234,0.5005816221237183,0.5132487416267395,0.5568561553955078,0.4625244140625
1201,0.7958428859710693,0.000295956420182338,0.0,0.16614149510860443,0.0386107861995697,0.141824409365654,0.19587339460849762,0.13733702898025513,0.16263306140899658,0.500409722328186,0.5101888179779053,0.5543899536132812,0.4591522216796875
1211,0.7688164710998535,0.000295596128977102,0.0,0.12060030549764633,0.0358608216047287,0.13852445781230927,0.19991666078567505,0.1807643473148346,0.16276872158050537,0.5005384087562561,0.5189127922058105,0.5528469085693359,0.4593963623046875
1221,0.880959689617157,0.000295220702502712,0.0,0.12519055604934692,0.042884185910224915,0.1653198003768921,0.206060990691185,0.1457710564136505,0.16189026832580566,0.500860869884491,0.5198568105697632,0.55511474609375,0.4566650390625
1231,0.7610976696014404,0.0002948301797863329,0.0,0.15767458081245422,0.03354012966156006,0.13850781321525574,0.1911035180091858,0.14487464725971222,0.16284799575805664,0.5017733573913574,0.5140950679779053,0.5566234588623047,0.460845947265625
1241,0.8196209669113159,0.0002944246014244478,0.0078125,0.1273154467344284,0.035183537751436234,0.15464071929454803,0.20842862129211426,0.20283596217632294,0.16271674633026123,0.4998815059661865,0.5192708373069763,0.5581912994384766,0.4581451416015625
1251,0.8383457660675049,0.0002940040095786376,0.0,0.1309232860803604,0.042524371296167374,0.15238186717033386,0.19937187433242798,0.14263485372066498,0.16234636306762695,0.5010414123535156,0.5276693105697632,0.5558815002441406,0.4571685791015625
1261,0.7471076250076294,0.000293568447971198,0.0,0.10871202498674393,0.032381556928157806,0.14012601971626282,0.18438012897968292,0.13042058050632477,0.16190850734710693,0.5006904602050781,0.5210286974906921,0.5574893951416016,0.4586639404296875
1271,0.8329063653945923,0.0002931179618805949,0.0,0.08698883652687073,0.03736135736107826,0.14971132576465607,0.20423246920108795,0.13155484199523926,0.16326963901519775,0.5010302662849426,0.5146810412406921,0.5557041168212891,0.4595947265625
1281,0.7516300082206726,0.0002926525981367567,0.0,0.08958333730697632,0.0349256731569767,0.1389775276184082,0.18661198019981384,0.14312537014484406,0.16244137287139893,0.5008359551429749,0.5174154043197632,0.5575027465820312,0.4577178955078125
1291,0.6922515034675598,0.000292172405116207,0.0,0.14006899297237396,0.033182963728904724,0.12676343321800232,0.16794656217098236,0.11073216050863266,0.16327428817749023,0.5012324452400208,0.5141276121139526,0.5619831085205078,0.4583740234375
1301,0.7108522057533264,0.000291677432737035,0.0,0.10237491130828857,0.031036242842674255,0.13059449195861816,0.17859622836112976,0.11920558661222458,0.16274070739746094,0.5002729296684265,0.52001953125,0.5580215454101562,0.457122802734375
1311,0.7464041113853455,0.0002911677324537066,0.0,0.07010211050510406,0.035816386342048645,0.1363838165998459,0.19039946794509888,0.13389025628566742,0.16206681728363037,0.5002754330635071,0.5189778804779053,0.5602226257324219,0.455902099609375
1321,0.6765875816345215,0.0002906433572517155,0.0,0.06358974426984787,0.0297086201608181,0.13185352087020874,0.17274707555770874,0.12592309713363647,0.16251349449157715,0.5000974535942078,0.5166015625,0.5605850219726562,0.45489501953125
1331,0.7088131904602051,0.00029010436164207497,0.0,0.0860973671078682,0.033851202577352524,0.1309989094734192,0.18571209907531738,0.24675321578979492,0.16257202625274658,0.49980801343917847,0.5194661617279053,0.5603122711181641,0.458526611328125
1341,0.7737979292869568,0.00028955080165565133,0.0,0.07337448000907898,0.03119790181517601,0.1337805837392807,0.185067817568779,0.36836132407188416,0.16310203075408936,0.5003776550292969,0.5232096910476685,0.5644950866699219,0.4559783935546875
1351,0.7711734175682068,0.0002889827348373394,0.0,0.17218300700187683,0.03471048176288605,0.14116042852401733,0.18125498294830322,0.14277002215385437,0.1620330810546875,0.4991447627544403,0.5255534052848816,0.5636119842529297,0.4551849365234375
1361,0.6863863468170166,0.00028840022024008015,0.0,0.11217503994703293,0.030017517507076263,0.13074429333209991,0.17464645206928253,0.10928227007389069,0.16281485557556152,0.5003568530082703,0.5288737416267395,0.5627841949462891,0.457000732421875
1371,0.7402446866035461,0.0002878033184187222,0.0,0.10573304444551468,0.033588163554668427,0.14005407691001892,0.17491427063941956,0.21785274147987366,0.16389977931976318,0.5005030632019043,0.5277669429779053,0.5625782012939453,0.4567718505859375
1381,0.7676883339881897,0.0002871920914237269,0.0,0.08640845119953156,0.034038569778203964,0.14376674592494965,0.19069801270961761,0.14341910183429718,0.16391003131866455,0.4992625117301941,0.5241862535476685,0.5619735717773438,0.4530792236328125
1391,0.7270795106887817,0.0002865666027947175,0.0,0.07038077712059021,0.035480204969644547,0.1336984485387802,0.17758898437023163,0.1777888387441635,0.16211342811584473,0.4999537467956543,0.5303060412406921,0.5633468627929688,0.456024169921875
1401,0.8151651620864868,0.0002859269175538746,0.0,0.1645662933588028,0.03682757541537285,0.14662475883960724,0.1846599280834198,0.12687863409519196,0.16222679615020752,0.49953514337539673,0.5322265625,0.5638179779052734,0.454315185546875
1411,0.7597596049308777,0.0002852731021991761,0.0,0.10488424450159073,0.03870381414890289,0.13887116312980652,0.1772509068250656,0.19641153514385223,0.1625833511352539,0.5004359483718872,0.5331054925918579,0.5628547668457031,0.45367431640625
1421,0.7197415232658386,0.00028460522469748507,0.0078125,0.15458038449287415,0.03620853275060654,0.13192607462406158,0.16270452737808228,0.11857104301452637,0.1623309850692749,0.5009328722953796,0.5319661498069763,0.5636405944824219,0.454498291015625
1431,0.7049055099487305,0.000283923354477484,0.0,0.08969112485647202,0.032830409705638885,0.13402169942855835,0.16993017494678497,0.12429506331682205,0.16239500045776367,0.4996325373649597,0.530957043170929,0.5601367950439453,0.454071044921875
1441,0.6996763348579407,0.0002832275624224574,0.0,0.09328398108482361,0.033460065722465515,0.13089576363563538,0.17775709927082062,0.1707739681005478,0.163405179977417,0.5004651546478271,0.5357747673988342,0.5633640289306641,0.4552764892578125
1451,0.6301842331886292,0.0002825179208629232,0.0,0.035977140069007874,0.02772989310324192,0.1196410283446312,0.15677541494369507,0.15486441552639008,0.16459977626800537,0.5002723932266235,0.5311849117279053,0.5655727386474609,0.453765869140625
1461,0.6422350406646729,0.00028179450356911396,0.0078125,0.11017780005931854,0.028999969363212585,0.12125696986913681,0.15352162718772888,0.12264384329319,0.16230177879333496,0.4999527335166931,0.5282226800918579,0.5648632049560547,0.453033447265625
1471,0.7273299694061279,0.00028105738574330755,0.0,0.1287325620651245,0.039008937776088715,0.13147690892219543,0.16523389518260956,0.14929774403572083,0.163641095161438,0.500262975692749,0.5274414420127869,0.5659637451171875,0.4552154541015625
1481,0.740732729434967,0.00028030664401201014,0.0,0.10679718106985092,0.034766584634780884,0.1397303193807602,0.17216961085796356,0.1189904510974884,0.1635504961013794,0.5002344846725464,0.5276367664337158,0.5628337860107422,0.4557342529296875
1491,0.7204621434211731,0.0002795423564179903,0.0078125,0.1465931236743927,0.03486478701233864,0.13049836456775665,0.16273796558380127,0.12391898781061172,0.16155028343200684,0.4996022880077362,0.5267903804779053,0.5619468688964844,0.45660400390625
1501,0.751143753528595,0.00027876460241216613,0.0,0.24530021846294403,0.034228287637233734,0.13563600182533264,0.16285493969917297,0.12556008994579315,0.16222047805786133,0.5001612901687622,0.5268229246139526,0.5636501312255859,0.45184326171875
1511,0.7458971738815308,0.00027797346284534597,0.0,0.08318503946065903,0.034808479249477386,0.14091552793979645,0.173688143491745,0.19126975536346436,0.16183876991271973,0.500744640827179,0.5237956047058105,0.5674114227294922,0.4532318115234375
1521,0.6801483035087585,0.0002771690199598237,0.0,0.07655870169401169,0.031857654452323914,0.12832269072532654,0.16684354841709137,0.1178019717335701,0.16398894786834717,0.4999939203262329,0.5317057371139526,0.5663318634033203,0.454437255859375
1531,0.6945325136184692,0.00027635135738082923,0.0,0.06258755177259445,0.03243101015686989,0.13275372982025146,0.16365773975849152,0.11875437945127487,0.16211462020874023,0.4998916983604431,0.5389323234558105,0.5675697326660156,0.4546356201171875
1541,0.7821754217147827,0.0002755205601078355,0.0,0.13085389137268066,0.036057256162166595,0.14544063806533813,0.1786355823278427,0.14620602130889893,0.16210973262786865,0.499866247177124,0.5347331166267395,0.5636043548583984,0.452972412109375
1551,0.7759517431259155,0.0002746767145057221,0.0,0.12040108442306519,0.043944742530584335,0.14645478129386902,0.18068431317806244,0.130567729473114,0.16122961044311523,0.49997255206108093,0.5380533933639526,0.5643844604492188,0.450592041015625
1561,0.636603832244873,0.00027381990829579764,0.0,0.0782250240445137,0.03247703239321709,0.11606094986200333,0.1458367556333542,0.11953490227460861,0.16229283809661865,0.4998761713504791,0.5388672351837158,0.5656414031982422,0.4531707763671875
1571,0.6613330841064453,0.0002729502305466802,0.0,0.08535175770521164,0.03151676803827286,0.1279337853193283,0.15953873097896576,0.12959998846054077,0.16188359260559082,0.49937570095062256,0.5357096791267395,0.5624732971191406,0.4534149169921875
1581,0.6644073128700256,0.00027206777166503913,0.0,0.08780831843614578,0.03155558928847313,0.12087734788656235,0.15851718187332153,0.1153377965092659,0.16086387634277344,0.49969714879989624,0.5332357287406921,0.5655288696289062,0.452850341796875
1591,0.6219758987426758,0.00027117262338619604,0.0,0.08056017756462097,0.03385792300105095,0.12493707984685898,0.1518753319978714,0.11793133616447449,0.1631404161453247,0.5011380910873413,0.5337565541267395,0.5643882751464844,0.4528656005859375
1601,0.6539570093154907,0.00027026487876458897,0.0,0.10543129593133926,0.029653077945113182,0.12137322872877121,0.1515669822692871,0.09737470746040344,0.16288018226623535,0.5002797842025757,0.5330078601837158,0.5637855529785156,0.451568603515625
1611,0.643174946308136,0.000269344632164099,0.0,0.06848835200071335,0.029150990769267082,0.120368592441082,0.1520141065120697,0.13145004212856293,0.16263866424560547,0.49969765543937683,0.5291016101837158,0.5661964416503906,0.4551544189453125
1621,0.6517631411552429,0.00026841197924824036,0.0,0.08641023933887482,0.033086877316236496,0.12013140320777893,0.14481280744075775,0.10312359035015106,0.16314852237701416,0.5000880360603333,0.5293620228767395,0.5691871643066406,0.4565582275390625
1631,0.6688454747200012,0.00026746701697021654,0.0,0.10877255350351334,0.030082136392593384,0.12112949043512344,0.15697208046913147,0.15235188603401184,0.1632601022720337,0.4998723566532135,0.5323893427848816,0.5697917938232422,0.4566497802734375
1641,0.6270254254341125,0.0002665098435628407,0.0,0.052321236580610275,0.030973678454756737,0.11763099581003189,0.14659000933170319,0.12396050244569778,0.16324150562286377,0.5001282095909119,0.5295898914337158,0.5691146850585938,0.4574432373046875
1651,0.6750860810279846,0.00026554055852832454,0.0,0.08159974217414856,0.03436821699142456,0.12369340658187866,0.15281730890274048,0.11769329756498337,0.16214489936828613,0.4990593194961548,0.529296875,0.5652580261230469,0.45269775390625
1661,0.5864410400390625,0.0002645592626279346,0.0,0.0893833190202713,0.0318317748606205,0.10452509671449661,0.1351744681596756,0.11238577961921692,0.16368210315704346,0.5002986192703247,0.5312174558639526,0.5702056884765625,0.456298828125
1671,0.8446376323699951,0.0002635660578715173,0.0,0.18957963585853577,0.04098310321569443,0.13763219118118286,0.17686836421489716,0.4043228328227997,0.16297924518585205,0.49997079372406006,0.5293620228767395,0.5689220428466797,0.4534149169921875
1681,0.5967366695404053,0.00026256104750689503,0.0,0.07598716765642166,0.029556237161159515,0.10841129720211029,0.13838940858840942,0.11319252103567123,0.16271328926086426,0.49981895089149475,0.5303060412406921,0.5694789886474609,0.4535369873046875
1691,0.6312295198440552,0.000261544336009133,0.0,0.13191507756710052,0.030829086899757385,0.1151905432343483,0.14031445980072021,0.1576763242483139,0.1621028184890747,0.49947383999824524,0.530468761920929,0.5688228607177734,0.4560546875
1701,0.6214528679847717,0.00026051602906967844,0.0,0.06163572147488594,0.03158378228545189,0.11341070383787155,0.14384543895721436,0.10837899148464203,0.1632615327835083,0.5000516772270203,0.5294271111488342,0.5708541870117188,0.4523468017578125
1711,0.6502137780189514,0.00025947623358537367,0.0,0.05771806091070175,0.033632792532444,0.11940636485815048,0.14767028391361237,0.11761132627725601,0.16244268417358398,0.5000231862068176,0.5284180045127869,0.5692844390869141,0.45330810546875
1721,0.6564621329307556,0.00025842505764734356,0.0,0.03634725883603096,0.03499872237443924,0.12486056983470917,0.1465236097574234,0.15198859572410583,0.16170799732208252,0.49942249059677124,0.5271159410476685,0.5689926147460938,0.4514617919921875
1731,0.6149981021881104,0.0002573626105297593,0.0,0.1258518248796463,0.031691960990428925,0.10922257602214813,0.13960880041122437,0.11083661764860153,0.16214120388031006,0.5001553893089294,0.5303385853767395,0.5721950531005859,0.45367431640625
1741,0.5793779492378235,0.0002562890026784788,0.0,0.06680503487586975,0.02901359833776951,0.10347410291433334,0.12891505658626556,0.10367341339588165,0.16334116458892822,0.49968621134757996,0.5305989980697632,0.5730705261230469,0.4549407958984375
1751,0.582518994808197,0.00025520434569956503,0.0,0.07735451310873032,0.027083298191428185,0.10622503608465195,0.1341143399477005,0.13896438479423523,0.16390109062194824,0.4996277093887329,0.5286133289337158,0.5738449096679688,0.454803466796875
1761,0.658876895904541,0.0002541087523476845,0.0,0.09468144178390503,0.03078560158610344,0.12207963317632675,0.1460227370262146,0.09614638239145279,0.16203927993774414,0.5001137256622314,0.5299153923988342,0.57061767578125,0.45147705078125
1771,0.6668840646743774,0.00025300233651438586,0.0,0.13520127534866333,0.02935774251818657,0.11822155117988586,0.14518672227859497,0.13393737375736237,0.16237211227416992,0.4992678463459015,0.5278646349906921,0.5701808929443359,0.450927734375
1781,0.6248190402984619,0.00025188521321626027,0.0,0.07856994867324829,0.03291613608598709,0.11251068115234375,0.14292259514331818,0.13167278468608856,0.16218912601470947,0.4996068477630615,0.5302083492279053,0.5735721588134766,0.4562530517578125
1791,0.642662525177002,0.00025075749858298506,0.0,0.09223075211048126,0.03138662129640579,0.1186433807015419,0.1433752328157425,0.11603892594575882,0.1616610288619995,0.5002449154853821,0.529492199420929,0.5704593658447266,0.4550323486328125
1801,0.6744754910469055,0.00024961930984525137,0.0,0.0804302766919136,0.03391631320118904,0.12226580828428268,0.14570252597332,0.10731274634599686,0.16266798973083496,0.49977877736091614,0.5290690660476685,0.5729808807373047,0.454254150390625
1811,0.5830029249191284,0.00024847076532257787,0.0,0.09547200053930283,0.026713496074080467,0.10350951552391052,0.13149061799049377,0.12028181552886963,0.16368234157562256,0.4998532831668854,0.5342122912406921,0.5752277374267578,0.4546966552734375
1821,0.6004464626312256,0.0002473119844110106,0.0,0.055399082601070404,0.02971048653125763,0.11290622502565384,0.14089909195899963,0.09737345576286316,0.16334521770477295,0.4997963309288025,0.5342773795127869,0.5741119384765625,0.4566650390625
1831,0.6026843786239624,0.0002461430875707114,0.0,0.11179245263338089,0.03232979774475098,0.10721226036548615,0.13571764528751373,0.11942309886217117,0.16171813011169434,0.5003227591514587,0.5305989980697632,0.5753192901611328,0.4549407958984375
1841,0.5624608993530273,0.00024496419631343564,0.0,0.08228450268507004,0.026440948247909546,0.10277862101793289,0.12582746148109436,0.11402489989995956,0.16257596015930176,0.49941486120224,0.5268229246139526,0.5772037506103516,0.4534912109375
1851,0.6262874007225037,0.00024377543318990032,0.0,0.1871013343334198,0.030531765893101692,0.11163013428449631,0.13356254994869232,0.13291782140731812,0.16248536109924316,0.499713659286499,0.5245442986488342,0.5774936676025391,0.4570159912109375
1861,0.6585281491279602,0.00024257692177704477,0.0,0.21724584698677063,0.032113730907440186,0.11054417490959167,0.1394553780555725,0.1048039123415947,0.16210877895355225,0.4997439384460449,0.5287760496139526,0.5774497985839844,0.4534149169921875
1871,0.6112719178199768,0.00024136878666518386,0.0,0.07693436741828918,0.028704378753900528,0.11079870164394379,0.1352386772632599,0.12891508638858795,0.16448283195495605,0.499923974275589,0.5319661498069763,0.5752468109130859,0.4548492431640625
1881,0.590641438961029,0.0002401511534450568,0.0,0.11052955687046051,0.026734953746199608,0.10568047314882278,0.1298283487558365,0.1263553500175476,0.16180837154388428,0.4997457265853882,0.5287435054779053,0.5760898590087891,0.4556732177734375
1891,0.6392311453819275,0.00023892414869477105,0.0,0.06050679087638855,0.030276663601398468,0.11336342990398407,0.14234589040279388,0.09686264395713806,0.16348206996917725,0.4999595880508423,0.5263020992279053,0.5740299224853516,0.454925537109375
1901,0.5392326712608337,0.00023768789996664414,0.0,0.07504329830408096,0.028386466205120087,0.10272138565778732,0.1230154037475586,0.10031812638044357,0.16363680362701416,0.5002009272575378,0.532421886920929,0.5772457122802734,0.4543609619140625
1911,0.6366406083106995,0.00023644253577394418,0.0,0.09132285416126251,0.031137842684984207,0.11283024400472641,0.13469642400741577,0.1360481083393097,0.161202073097229,0.5001155138015747,0.5261393785476685,0.5739173889160156,0.4538116455078125
1921,0.5093252658843994,0.00023518818557753012,0.0,0.09337539225816727,0.024019259959459305,0.09304910153150558,0.11316761374473572,0.0938318744301796,0.16263151168823242,0.5004990100860596,0.5292317867279053,0.5754356384277344,0.4577484130859375
1931,0.5656582117080688,0.000233924979772394,0.0,0.042423296719789505,0.027045466005802155,0.10650422424077988,0.1315029263496399,0.13782386481761932,0.1623767614364624,0.5004748106002808,0.5293620228767395,0.5752735137939453,0.4541473388671875
1941,0.658270001411438,0.00023265304967410569,0.0,0.09269487857818604,0.035824064165353775,0.11848147958517075,0.1399257332086563,0.10517510771751404,0.1620311737060547,0.5001460313796997,0.5307943224906921,0.5760307312011719,0.45623779296875
1951,0.6586637496948242,0.00023137252750516214,0.0078125,0.06548229604959488,0.033263832330703735,0.12000343203544617,0.13414759933948517,0.09589864313602448,0.1624377965927124,0.5002647638320923,0.5287435054779053,0.5769119262695312,0.4557037353515625
1961,0.6434849500656128,0.0002300835463812422,0.0,0.12260399013757706,0.03267691284418106,0.11687012016773224,0.1357993483543396,0.14315265417099,0.16338908672332764,0.49996644258499146,0.5311849117279053,0.5765094757080078,0.45526123046875
1971,0.8176020979881287,0.00022878624029736884,0.0,0.12074625492095947,0.033266738057136536,0.1192966178059578,0.15701664984226227,0.498705118894577,0.1619035005569458,0.5004186034202576,0.531445324420929,0.5773849487304688,0.4522705078125
1981,0.6071584224700928,0.00022748074411397967,0.0,0.12152797728776932,0.034384362399578094,0.1016809269785881,0.12290088832378387,0.09006743133068085,0.16250145435333252,0.5000575184822083,0.530468761920929,0.5772285461425781,0.4534454345703125
1991,0.6475287675857544,0.00022616719354290774,0.0,0.10659300535917282,0.03308927267789841,0.11364161223173141,0.13491225242614746,0.11880340427160263,0.16233623027801514,0.5000302791595459,0.5287109613418579,0.5765743255615234,0.4538421630859375
2001,0.6215721964836121,0.00022484572513327357,0.0,0.18625985085964203,0.02923881635069847,0.10355649888515472,0.12209203839302063,0.09870437532663345,0.16210925579071045,0.5013455748558044,0.5222331285476685,0.5756416320800781,0.453857421875
2011,0.5457510352134705,0.0002235164762572905,0.0,0.048450686037540436,0.02841060236096382,0.10245715826749802,0.12261507660150528,0.1166563332080841,0.1628495454788208,0.49995195865631104,0.5243164300918579,0.5764884948730469,0.4540863037109375
2021,0.5249620079994202,0.00022217958509598395,0.0,0.06525125354528427,0.028471294790506363,0.09567874670028687,0.12078582495450974,0.09848944842815399,0.16245436668395996,0.49996671080589294,0.5250651240348816,0.5771064758300781,0.45404052734375
2031,0.5882761478424072,0.0002208351906248274,0.0,0.06793689727783203,0.03351960331201553,0.10513965785503387,0.12053940445184708,0.10775002092123032,0.16226434707641602,0.5000750422477722,0.5243815183639526,0.5754623413085938,0.4570465087890625
2041,0.613901674747467,0.00021948343259929487,0.0,0.09665867686271667,0.029408644884824753,0.10773392021656036,0.12365955114364624,0.11221469193696976,0.16225659847259521,0.5005826354026794,0.5293620228767395,0.5742588043212891,0.4576416015625
2051,0.5758178234100342,0.0002181244515403329,0.0,0.0829831063747406,0.0321061871945858,0.10135164111852646,0.11611570417881012,0.11779697239398956,0.16370296478271484,0.500030517578125,0.5303060412406921,0.5760173797607422,0.456695556640625
2061,0.5827569961547852,0.00021675838871975278,0.0,0.04445924609899521,0.02992781065404415,0.11294910311698914,0.13768130540847778,0.12998859584331512,0.16352605819702148,0.5002678036689758,0.5272461175918579,0.5731563568115234,0.4544830322265625
2071,0.6411729454994202,0.00021538538614554494,0.0,0.0865635797381401,0.03997319936752319,0.10953708738088608,0.1271280199289322,0.10598504543304443,0.16261506080627441,0.5009089708328247,0.5269531607627869,0.5734882354736328,0.4547119140625
2081,0.5229259729385376,0.0002140055865471163,0.0,0.04623706266283989,0.024489426985383034,0.09934578090906143,0.11817807704210281,0.07636729627847672,0.16313886642456055,0.5000109672546387,0.5267252922058105,0.5770397186279297,0.4575347900390625
2091,0.6958048343658447,0.00021261913336045318,0.0,0.2205326408147812,0.03491887077689171,0.11589383333921432,0.12962985038757324,0.09811876714229584,0.16305625438690186,0.5003575682640076,0.5302083492279053,0.5750579833984375,0.4558563232421875
2101,0.6477252840995789,0.00021122617071321045,0.0,0.07724910229444504,0.03293587267398834,0.11279798299074173,0.13128319382667542,0.145248681306839,0.16258645057678223,0.49978893995285034,0.532421886920929,0.5742454528808594,0.456451416015625
2111,0.6369147300720215,0.00020982684340972886,0.0,0.19064271450042725,0.028907498344779015,0.11184053868055344,0.13636624813079834,0.0882929116487503,0.16266775131225586,0.4996490776538849,0.5301758050918579,0.5755252838134766,0.454315185546875
2121,0.6690999865531921,0.00020842129691598193,0.0,0.1276659071445465,0.033809591084718704,0.11649718135595322,0.1358402520418167,0.1672382354736328,0.16156649589538574,0.5008672475814819,0.5317708849906921,0.57318115234375,0.4540252685546875
2131,0.5535743832588196,0.0002070096773444544,0.0,0.099101223051548,0.02740187756717205,0.10534307360649109,0.12307178974151611,0.12129124253988266,0.16257703304290771,0.4993489980697632,0.5257487297058105,0.576507568359375,0.4557647705078125
2141,0.53010094165802,0.0002055921314389529,0.0,0.05853421986103058,0.025046180933713913,0.09666381776332855,0.11305340379476547,0.11016914993524551,0.1629505157470703,0.4998113214969635,0.5278971791267395,0.5789623260498047,0.4564361572265625
2151,0.521359920501709,0.00020416880655935152,0.0,0.0705224871635437,0.02606947161257267,0.09323322027921677,0.10744552314281464,0.09212534874677658,0.1622772216796875,0.5005246996879578,0.5322265625,0.5767078399658203,0.454376220703125
2161,0.5492221117019653,0.00020273985066627308,0.0,0.06555067002773285,0.027666844427585602,0.10434074699878693,0.11513511836528778,0.12547291815280914,0.16363394260406494,0.50067138671875,0.5292643308639526,0.5783729553222656,0.45233154296875
2171,0.8135235905647278,0.00020130541230570798,0.0,0.08185364305973053,0.030111797153949738,0.12992987036705017,0.16534194350242615,0.5039424300193787,0.1630007028579712,0.5007487535476685,0.5301107168197632,0.5798892974853516,0.4555816650390625
2181,0.6207399368286133,0.00019986564059357224,0.0,0.07393718510866165,0.030430296435952187,0.10660818219184875,0.13138091564178467,0.24949975311756134,0.16245925426483154,0.5001918077468872,0.5330078601837158,0.5760879516601562,0.4545440673828125
2191,0.520731508731842,0.00019842068520020632,0.0,0.0732918307185173,0.026390548795461655,0.09426432847976685,0.1103530079126358,0.09688148647546768,0.1623542308807373,0.5005984306335449,0.5329753160476685,0.5779285430908203,0.45489501953125
2201,0.5499641299247742,0.00019697069633481607,0.0,0.2560925781726837,0.022588787600398064,0.08697464317083359,0.10702627152204514,0.09670009464025497,0.16356170177459717,0.5003232359886169,0.5328450798988342,0.5806331634521484,0.456878662109375
2211,0.76985764503479,0.00019551582472985806,0.0,0.09726134687662125,0.03490903973579407,0.1298808753490448,0.15717872977256775,0.37937381863594055,0.1629014015197754,0.5007281303405762,0.5306315422058105,0.5794162750244141,0.4548797607421875
2221,0.49914979934692383,0.0001940562216253703,0.0,0.07101482152938843,0.022932037711143494,0.0928836241364479,0.10434689372777939,0.09247782826423645,0.16366314888000488,0.5004611015319824,0.5304036736488342,0.5804214477539062,0.45806884765625
2231,0.6135218739509583,0.00019259203875325,0.0,0.08839788287878036,0.03262893855571747,0.11056675016880035,0.12369667738676071,0.10708131641149521,0.16218769550323486,0.5001663565635681,0.5276367664337158,0.5786952972412109,0.4565582275390625
2241,0.5813277959823608,0.00019112342832148057,0.0,0.07866226136684418,0.02855801023542881,0.10113551467657089,0.12133786082267761,0.11294738203287125,0.16290879249572754,0.5004984736442566,0.5285481810569763,0.5792961120605469,0.4558258056640625
2251,0.6004897952079773,0.00018965054299830894,0.0,0.06893186271190643,0.030314890667796135,0.10252363234758377,0.12013518065214157,0.11118698120117188,0.16382980346679688,0.5002095699310303,0.5308594107627869,0.5791816711425781,0.45709228515625
2261,0.5749408006668091,0.00018817353589637505,0.0,0.13831138610839844,0.028684532269835472,0.09884538501501083,0.11684790253639221,0.09103230386972427,0.162605881690979,0.5010421872138977,0.5318685173988342,0.5799484252929688,0.452301025390625
2271,0.5041784644126892,0.000186692560556795,0.0,0.0579349659383297,0.02605796977877617,0.09015467762947083,0.10553140938282013,0.07902701199054718,0.16301846504211426,0.5003031492233276,0.5292643308639526,0.58038330078125,0.4550018310546875
2281,0.5622561573982239,0.00018520777093320007,0.0,0.09897628426551819,0.02800813689827919,0.10154346376657486,0.11704248189926147,0.10152173042297363,0.16216444969177246,0.4994313716888428,0.536816418170929,0.5800266265869141,0.4561309814453125
2291,0.5645811557769775,0.0001837193213757324,0.0,0.09354211390018463,0.030386637896299362,0.1026613712310791,0.11475159972906113,0.14646705985069275,0.16290664672851562,0.5003145933151245,0.5385416746139526,0.5808753967285156,0.4544677734375
2301,0.5912390351295471,0.0001822273666149996,0.0,0.09562074393033981,0.030592331662774086,0.09906677156686783,0.11526040732860565,0.11510523408651352,0.1623450517654419,0.5000354051589966,0.5382161736488342,0.5791187286376953,0.455352783203125
2311,0.5662220120429993,0.00018073206174599,0.0,0.07775721698999405,0.02844337373971939,0.1034589558839798,0.11148568242788315,0.09298951923847198,0.16271233558654785,0.4999537467956543,0.5364258289337158,0.5792808532714844,0.4551544189453125
2321,0.5890944600105286,0.00017923356221194995,0.0,0.12894943356513977,0.03136838972568512,0.10164829343557358,0.1157955527305603,0.10178152471780777,0.16272783279418945,0.5006436705589294,0.5344401597976685,0.5793399810791016,0.454681396484375
2331,0.6310055255889893,0.00017773202378822448,0.0,0.10349100083112717,0.02710312232375145,0.10178162157535553,0.1247042566537857,0.27634087204933167,0.1629350185394287,0.4995313286781311,0.5374023914337158,0.5801334381103516,0.45770263671875
2341,0.577760636806488,0.00017622760256606412,0.0,0.08942574262619019,0.03082892671227455,0.10237106680870056,0.11372984945774078,0.09548485279083252,0.16328346729278564,0.5007695555686951,0.5357422232627869,0.5799674987792969,0.4576568603515625
2351,0.6318719983100891,0.00017472045493639848,0.0,0.07639766484498978,0.033079519867897034,0.10701537877321243,0.12666161358356476,0.2396193891763687,0.16301345825195312,0.5001047849655151,0.5344075560569763,0.5796794891357422,0.4546966552734375
2361,0.657681405544281,0.00017321073757357863,0.0,0.14136752486228943,0.03430933877825737,0.11310900747776031,0.12300943583250046,0.11486158519983292,0.16289758682250977,0.501038134098053,0.5350586175918579,0.5783214569091797,0.45294189453125
2371,0.5279966592788696,0.00017169860741909034,0.0,0.0674915611743927,0.027446651831269264,0.09025833755731583,0.11221770942211151,0.16824568808078766,0.1629927158355713,0.4997289180755615,0.53369140625,0.5808906555175781,0.4564056396484375
2381,0.609761118888855,0.00017018422166523918,0.0,0.056262414902448654,0.030993275344371796,0.106247179210186,0.125018909573555,0.10200969874858856,0.16286909580230713,0.4998606741428375,0.5358723998069763,0.5798187255859375,0.45654296875
2391,0.5972672700881958,0.00016866773773880985,0.0,0.04946115240454674,0.033433154225349426,0.10332202166318893,0.11863477528095245,0.12679079174995422,0.16312968730926514,0.5001386404037476,0.5350260734558105,0.5805625915527344,0.4552764892578125
2401,0.5387405753135681,0.00016714931328470087,0.0,0.07160969078540802,0.029742227867245674,0.0982554480433464,0.11109240353107452,0.08314792066812515,0.1643010377883911,0.5014066100120544,0.5366862416267395,0.5800247192382812,0.4549560546875
2411,0.6029122471809387,0.00016562910614953682,0.0,0.0685167983174324,0.03326493874192238,0.10650382190942764,0.1185169443488121,0.1256455034017563,0.16205954551696777,0.5010333061218262,0.5300781726837158,0.5790805816650391,0.4553680419921875
2421,0.6518561244010925,0.00016410727436525944,0.0,0.15424557030200958,0.035158008337020874,0.1115148663520813,0.11813077330589294,0.08770435303449631,0.16290438175201416,0.500471293926239,0.5309895873069763,0.5782432556152344,0.455352783203125
2431,0.5722074508666992,0.0001625839761326998,0.0,0.1158086508512497,0.03231647238135338,0.10067285597324371,0.11224441975355148,0.08673224598169327,0.16366052627563477,0.5003031492233276,0.5364258289337158,0.5792655944824219,0.454376220703125
2441,0.5563042163848877,0.00016105936980513212,0.0,0.059950146824121475,0.026035362854599953,0.09758137911558151,0.11459291726350784,0.18375760316848755,0.16226541996002197,0.5001424551010132,0.535351574420929,0.5786495208740234,0.455963134765625
2451,0.6102865934371948,0.0001595336138718129,0.0,0.04634801298379898,0.03374283015727997,0.10361672192811966,0.1264204978942871,0.23351117968559265,0.1623140573501587,0.5006818175315857,0.5345377922058105,0.5785331726074219,0.456024169921875
2461,0.5744157433509827,0.0001580068669415049,0.0,0.06339824944734573,0.026290521025657654,0.09393652528524399,0.11746900528669357,0.2827490568161011,0.16185009479522705,0.499542772769928,0.5303385853767395,0.5831069946289062,0.458282470703125
2471,0.5553708076477051,0.00015647928772598917,0.0,0.10463099926710129,0.029802247881889343,0.09885480999946594,0.10710029304027557,0.09463369846343994,0.16231942176818848,0.5007339715957642,0.528515636920929,0.57989501953125,0.4536590576171875
2481,0.5431829690933228,0.0001549510350235663,0.0,0.09722119569778442,0.028610102832317352,0.09518071264028549,0.11106526106595993,0.08169034868478775,0.1626734733581543,0.5002296566963196,0.5276042222976685,0.5816764831542969,0.4569549560546875
2491,0.5685616135597229,0.0001534222677025488,0.0,0.06410952657461166,0.027769910171628,0.10179901868104935,0.11475028842687607,0.15919102728366852,0.16240012645721436,0.500403106212616,0.5333008170127869,0.5806121826171875,0.454437255859375
2501,0.49282628297805786,0.00015189314468474585,0.0,0.06437965482473373,0.02441122941672802,0.08204303681850433,0.09574111551046371,0.12370730936527252,0.16196668148040771,0.4998161494731903,0.5315104722976685,0.5827484130859375,0.458343505859375
2511,0.5860651731491089,0.00015036382492894282,0.0,0.13035652041435242,0.030337519943714142,0.09615505486726761,0.11411995440721512,0.14922583103179932,0.16302740573883057,0.4997294247150421,0.5319987535476685,0.5838203430175781,0.4577789306640625
2521,0.6898393034934998,0.0001488344674143769,0.0,0.13078545033931732,0.03651730343699455,0.11169461160898209,0.12269191443920135,0.08908949047327042,0.1618199348449707,0.500690221786499,0.5282552242279053,0.5817756652832031,0.455902099609375
2531,0.5086992383003235,0.0001473052311242103,0.0,0.07069646567106247,0.028373779729008675,0.09126700460910797,0.10419570654630661,0.07977864891290665,0.1626983880996704,0.5003079771995544,0.529296875,0.5858516693115234,0.459136962890625
2541,0.604128897190094,0.00014577627502900364,0.0,0.14622601866722107,0.030390702188014984,0.10413279384374619,0.11385486274957657,0.0871846154332161,0.1620938777923584,0.5002614855766296,0.5277018547058105,0.5809135437011719,0.457489013671875
2551,0.5726928114891052,0.00014424775807018992,0.0,0.08200014382600784,0.02892640046775341,0.10730651021003723,0.11927825212478638,0.09506084024906158,0.16229522228240967,0.500977635383606,0.5274739861488342,0.5834503173828125,0.4573822021484375
2561,0.4873513877391815,0.00014271983914355225,0.0,0.04377361014485359,0.023830857127904892,0.08914536237716675,0.10233552008867264,0.12929996848106384,0.16261053085327148,0.5007739067077637,0.5328776240348816,0.5825767517089844,0.4573211669921875
2571,0.4864107072353363,0.00014119267708270558,0.0,0.056472279131412506,0.02304062247276306,0.08734834939241409,0.09633422642946243,0.08240711688995361,0.16332721710205078,0.5005275011062622,0.5335937738418579,0.5838756561279297,0.4573822021484375
2581,0.534004271030426,0.00013966643064258557,0.0,0.04983745887875557,0.029410680755972862,0.0977502167224884,0.11055412888526917,0.09252992272377014,0.1620551347732544,0.5007390379905701,0.5279297232627869,0.5804576873779297,0.45465087890625
2591,0.607200562953949,0.00013814125848294524,0.0,0.08079781383275986,0.03127932548522949,0.1061633974313736,0.11612870544195175,0.08935766667127609,0.16240334510803223,0.5007596611976624,0.5267903804779053,0.5809135437011719,0.4557037353515625
2601,0.6038803458213806,0.00013661731915186163,0.0,0.10946805775165558,0.0310808252543211,0.1074804738163948,0.11557473242282867,0.10725577920675278,0.16313326358795166,0.501209020614624,0.5238932371139526,0.5841445922851562,0.4552001953125
2611,0.5638740062713623,0.000135094771069254,0.0,0.0703677386045456,0.026424869894981384,0.09856702387332916,0.11240745335817337,0.10023345798254013,0.1629260778427124,0.5004397630691528,0.5249349474906921,0.5828018188476562,0.456817626953125
2621,0.6151283383369446,0.00013357377251041553,0.0,0.10782910138368607,0.0311807319521904,0.10472814738750458,0.1102968156337738,0.09976940602064133,0.16051042079925537,0.5013575553894043,0.5284505486488342,0.5830879211425781,0.455474853515625
2631,0.579725444316864,0.0001320544815895598,0.0,0.03919077292084694,0.032317083328962326,0.10273514688014984,0.11021991819143295,0.08666694909334183,0.1624906063079834,0.5013583302497864,0.5275065302848816,0.5816020965576172,0.4545440673828125
2641,0.5777544975280762,0.00013053705624338434,0.0,0.06220690906047821,0.029888974502682686,0.10100201517343521,0.11241969466209412,0.1166653037071228,0.16291749477386475,0.5007950067520142,0.5263346433639526,0.5819721221923828,0.455780029296875
2651,0.4915754199028015,0.00012902165421465215,0.0,0.05477726459503174,0.025211364030838013,0.08798470348119736,0.09990106523036957,0.10082653909921646,0.16167497634887695,0.4998003840446472,0.5258138179779053,0.5801486968994141,0.458038330078125
2661,0.5069911479949951,0.00012750843303579404,0.0,0.0695151686668396,0.026425812393426895,0.0928749144077301,0.10185118019580841,0.07213529199361801,0.1632307767868042,0.5012702941894531,0.5242838859558105,0.580657958984375,0.4589080810546875
2671,0.6485887169837952,0.0001259975500125321,0.0,0.10669145733118057,0.03670137748122215,0.11070682853460312,0.11962263286113739,0.1495339274406433,0.16305339336395264,0.5009010434150696,0.5274088978767395,0.5794906616210938,0.4583740234375
2681,0.5405860543251038,0.00012448916220752747,0.0,0.12683898210525513,0.02391505427658558,0.09318559616804123,0.10676349699497223,0.07775795459747314,0.16331124305725098,0.49983903765678406,0.523144543170929,0.5808219909667969,0.455963134765625
2691,0.6181339621543884,0.00012298342642405266,0.0,0.07847954332828522,0.03184012696146965,0.10366800427436829,0.11604822427034378,0.07694579660892487,0.16138982772827148,0.5002418756484985,0.5224609375,0.5805702209472656,0.4561614990234375
2701,0.8145127892494202,0.00012148049918969148,0.0,0.10922525078058243,0.03400149941444397,0.10991525650024414,0.12786127626895905,0.49395135045051575,0.16256868839263916,0.500672459602356,0.5210937857627869,0.5804500579833984,0.457305908203125
2711,0.5063298344612122,0.00011998053674006716,0.0,0.08845122903585434,0.027654381468892097,0.0864335298538208,0.09850330650806427,0.08398501574993134,0.16350650787353516,0.5001302361488342,0.5206705927848816,0.5847225189208984,0.45751953125
2721,0.5318432450294495,0.00011848369500260103,0.0,0.10762322694063187,0.029565822333097458,0.09732651710510254,0.10723527520895004,0.12299761176109314,0.1640458106994629,0.4998222589492798,0.5205729603767395,0.5823440551757812,0.4580078125
2731,0.5040217041969299,0.00011699012958030332,0.0,0.09836083650588989,0.025123797357082367,0.08933240175247192,0.10123120248317719,0.10001186281442642,0.1616973876953125,0.5004079341888428,0.5205078125,0.5835113525390625,0.4543914794921875
2741,0.6987379789352417,0.00011549999573559741,0.0,0.1379455327987671,0.03798220306634903,0.11064080148935318,0.11203460395336151,0.08013521879911423,0.16129517555236816,0.5008451342582703,0.5186849236488342,0.5847396850585938,0.457244873046875
2751,0.5404723882675171,0.00011401344837417978,0.0,0.05803362652659416,0.028324151411652565,0.09723591804504395,0.10573644191026688,0.09478329122066498,0.16152727603912354,0.5001856684684753,0.5211588740348816,0.5848331451416016,0.455291748046875
2761,0.5183430910110474,0.00011253064202891673,0.0,0.06492648273706436,0.026070531457662582,0.09167583286762238,0.10093052685260773,0.09174323081970215,0.1635136604309082,0.5005213618278503,0.5251302123069763,0.5842742919921875,0.459503173828125
2771,0.5676782131195068,0.00011105173084378033,0.0,0.062479257583618164,0.02940034307539463,0.09911435842514038,0.10754051059484482,0.09438228607177734,0.1634523868560791,0.5000035762786865,0.5224609375,0.5821456909179688,0.457061767578125
2781,0.5336049199104309,0.0001095768685578242,0.0,0.14862678945064545,0.02589677833020687,0.08837771415710449,0.09426068514585495,0.0747707337141037,0.16167449951171875,0.5003700256347656,0.5177409052848816,0.5817413330078125,0.45501708984375
2791,0.5269343256950378,0.00010810620848920187,0.0,0.08891115337610245,0.02831636555492878,0.08604976534843445,0.09934081137180328,0.08431009203195572,0.16341888904571533,0.5003616809844971,0.5194987058639526,0.5843238830566406,0.4541015625
2801,0.5139009952545166,0.00010663990351922861,0.0,0.04851347580552101,0.02456011436879635,0.09508271515369415,0.10721062123775482,0.09668836742639542,0.16225910186767578,0.500683605670929,0.5172200798988342,0.5829524993896484,0.4560699462890625
2811,0.5896716117858887,0.0001051781060764889,0.0,0.105656698346138,0.036320433020591736,0.09834842383861542,0.10561267286539078,0.11715786159038544,0.16216206550598145,0.5003598928451538,0.5191081166267395,0.585052490234375,0.4593505859375
2821,0.5946793556213379,0.00010372096812099067,0.0,0.07176461070775986,0.029016565531492233,0.1084686666727066,0.10756836086511612,0.10796213150024414,0.16298413276672363,0.5008212327957153,0.5164713859558105,0.5820960998535156,0.456146240234375
2831,0.45801421999931335,0.00010226864112836863,0.0,0.05898476764559746,0.02398306503891945,0.08436261117458344,0.09874428063631058,0.08836352080106735,0.16347575187683105,0.5003079771995544,0.5185221433639526,0.5843315124511719,0.457855224609375
2841,0.5460399985313416,0.00010082127607413744,0.0,0.1506996750831604,0.028088919818401337,0.09182006120681763,0.09868212044239044,0.07999657839536667,0.16237390041351318,0.5006141662597656,0.5194987058639526,0.5835018157958984,0.456695556640625
2851,0.7074983716011047,9.937902341799752e-05,0.0,0.10853444784879684,0.037548791617155075,0.1126057356595993,0.11989780515432358,0.08580384403467178,0.1620333194732666,0.5005490779876709,0.5207356810569763,0.5827445983886719,0.45623779296875
2861,0.792521059513092,9.794203308819378e-05,0.0,0.10880076140165329,0.03740764781832695,0.12712004780769348,0.13887126743793488,0.42141151428222656,0.16147899627685547,0.5008018612861633,0.5191081166267395,0.5792655944824219,0.454315185546875
2871,0.6103484630584717,9.651045446593028e-05,0.0,0.10056682676076889,0.031446006149053574,0.10157648473978043,0.1109364926815033,0.1695253700017929,0.16298389434814453,0.5000656247138977,0.5194010734558105,0.5831680297851562,0.4580230712890625
2881,0.5472434163093567,9.508443636984114e-05,0.0,0.06794621795415878,0.027525080367922783,0.09369994699954987,0.10169311612844467,0.09921126067638397,0.16351890563964844,0.5002001523971558,0.5208984613418579,0.5826854705810547,0.45489501953125
2891,0.48030197620391846,9.366412704052043e-05,0.0,0.0446539968252182,0.024910880252718925,0.09178952127695084,0.10159637778997421,0.07663778960704803,0.1624586582183838,0.5002825856208801,0.5212565660476685,0.5864753723144531,0.4579925537109375
2901,0.4630407989025116,9.224967412511176e-05,0.0,0.04830731078982353,0.02387850545346737,0.07997070997953415,0.09498351812362671,0.09675002843141556,0.1638023853302002,0.49929505586624146,0.5213216543197632,0.5831012725830078,0.4580535888671875
2911,0.49830085039138794,9.084122466195985e-05,0.0,0.06389336287975311,0.02507937140762806,0.08755207806825638,0.09293092787265778,0.07111095637083054,0.16061222553253174,0.5008710622787476,0.5187825560569763,0.5834712982177734,0.4574432373046875
2921,0.5478038787841797,8.943892506532529e-05,0.0,0.084525465965271,0.02955588698387146,0.09227373450994492,0.09795864671468735,0.09291137009859085,0.16296684741973877,0.5002332329750061,0.5194336175918579,0.5836658477783203,0.4604034423828125
2931,0.5497056841850281,8.804292111016404e-05,0.0,0.08442501723766327,0.028514334931969643,0.09129184484481812,0.10351797938346863,0.10093680769205093,0.16408121585845947,0.5007047057151794,0.5192708373069763,0.5839729309082031,0.4594268798828125
2941,0.5573502779006958,8.665335791697359e-05,0.0,0.1286042034626007,0.02680332586169243,0.09545785188674927,0.10336050391197205,0.08218546956777573,0.16293799877166748,0.5010709166526794,0.5182291865348816,0.5820083618164062,0.4557342529296875
2951,0.5281559228897095,8.527037993670718e-05,0.0,0.11404372751712799,0.025787416845560074,0.08986859023571014,0.0991608127951622,0.10784514993429184,0.1632624864578247,0.5004425048828125,0.5144531726837158,0.5841522216796875,0.4576873779296875
2961,0.6597861647605896,8.389413093575728e-05,0.0,0.06280720233917236,0.0355251245200634,0.11798619478940964,0.12145356088876724,0.16072608530521393,0.16317236423492432,0.5001890063285828,0.5159180164337158,0.5839347839355469,0.457305908203125
2971,0.5199342966079712,8.252475398101059e-05,0.0,0.0631951317191124,0.025090178474783897,0.09871712327003479,0.10888011753559113,0.10756243020296097,0.1632014513015747,0.5006894469261169,0.5139323472976685,0.581756591796875,0.4568023681640625
2981,0.587780773639679,8.116239142497564e-05,0.0,0.055716343224048615,0.03235777094960213,0.09604150801897049,0.10921572148799896,0.1405559778213501,0.16220402717590332,0.5002281665802002,0.5152994990348816,0.5825042724609375,0.459564208984375
2991,0.49581554532051086,7.980718489098471e-05,0.0,0.04819261655211449,0.027773359790444374,0.0852699726819992,0.10104750096797943,0.07414352893829346,0.16216838359832764,0.5001851916313171,0.5215169787406921,0.5849018096923828,0.459197998046875
3001,0.49293357133865356,7.845927525847137e-05,0.0,0.06355572491884232,0.02367468923330307,0.08754169940948486,0.10130549967288971,0.11719667166471481,0.16293108463287354,0.49996238946914673,0.5180338621139526,0.5822257995605469,0.4583740234375
3011,0.6249004602432251,7.711880264832548e-05,0.0,0.14108532667160034,0.033452317118644714,0.10767824947834015,0.1165510043501854,0.14959050714969635,0.16217517852783203,0.5004453063011169,0.5198242664337158,0.5820045471191406,0.4583587646484375
3021,0.556334376335144,7.578590640832702e-05,0.0,0.08148643374443054,0.0290810689330101,0.09860700368881226,0.1030665710568428,0.08499005436897278,0.16251277923583984,0.4999237358570099,0.5230143666267395,0.58331298828125,0.455291748046875
3031,0.5200714468955994,7.446072509866053e-05,0.0,0.04874267801642418,0.028500182554125786,0.09480297565460205,0.09821565449237823,0.08976549655199051,0.1626802682876587,0.5010310411453247,0.5224283933639526,0.5839405059814453,0.45733642578125
3041,0.590541660785675,7.314339647751087e-05,0.0,0.06589754670858383,0.028161929920315742,0.1015615463256836,0.1147298738360405,0.13296031951904297,0.16282939910888672,0.5003960132598877,0.5209310054779053,0.5853385925292969,0.4584197998046875
3051,0.5132079124450684,7.183405748674283e-05,0.0,0.05779797583818436,0.02616221085190773,0.08597801625728607,0.09456737339496613,0.0920829176902771,0.16345489025115967,0.5003199577331543,0.521191418170929,0.5847053527832031,0.456787109375
3061,0.5548089146614075,7.053284423766538e-05,0.0,0.08563321828842163,0.02871917001903057,0.09038195013999939,0.09812715649604797,0.07125863432884216,0.1623690128326416,0.500286877155304,0.5218099355697632,0.5823459625244141,0.4566192626953125
3071,0.5617917776107788,6.923989199688257e-05,0.0,0.04945766553282738,0.028202978894114494,0.10083331167697906,0.10025440156459808,0.06674569100141525,0.1625535488128662,0.5008094906806946,0.5203125476837158,0.5815677642822266,0.4560546875
3081,0.6152043342590332,6.795533517223163e-05,0.0,0.0854162648320198,0.03181423619389534,0.10610321909189224,0.10721482336521149,0.09060172736644745,0.16369664669036865,0.5005427598953247,0.5204752683639526,0.5837821960449219,0.457672119140625
3091,0.597655713558197,6.667930729881093e-05,0.0,0.12429436296224594,0.03243080899119377,0.09737450629472733,0.10799098759889603,0.10439235717058182,0.16296160221099854,0.49977901577949524,0.518261730670929,0.5827999114990234,0.457672119140625
3101,0.47942548990249634,6.54119410250984e-05,0.0,0.11036451160907745,0.023119373247027397,0.0849769338965416,0.09279503673315048,0.08365756273269653,0.1620621681213379,0.500080406665802,0.5190104246139526,0.5851192474365234,0.458892822265625
3111,0.5137250423431396,6.415336809916211e-05,0.0,0.10114467889070511,0.026440924033522606,0.08856698125600815,0.09182661026716232,0.07522061467170715,0.16283953189849854,0.5004183650016785,0.51806640625,0.5857334136962891,0.4573211669921875
3121,0.6234947443008423,6.290371935496469e-05,0.0,0.06214442476630211,0.033079177141189575,0.10306868702173233,0.10798375308513641,0.08611635863780975,0.16219615936279297,0.4999939203262329,0.5171224474906921,0.5840244293212891,0.4579620361328125
3131,0.5627456903457642,6.166312469876231e-05,0.0,0.09326335787773132,0.031211581081151962,0.09750501066446304,0.10705004632472992,0.1586756557226181,0.16318118572235107,0.4999130368232727,0.5179036855697632,0.5844326019287109,0.4543609619140625
3141,0.5614349842071533,6.043171309560059e-05,0.0,0.08771399408578873,0.03191384673118591,0.09644375741481781,0.10208497941493988,0.07088801264762878,0.1629328727722168,0.5003049373626709,0.5209635496139526,0.58245849609375,0.4567108154296875
3151,0.5397602319717407,5.9209612555907956e-05,0.0,0.0798487663269043,0.025968611240386963,0.09969469904899597,0.10798812657594681,0.09036608040332794,0.16205501556396484,0.5005930662155151,0.5163737535476685,0.5838088989257812,0.4577789306640625
3161,0.6321194171905518,5.7996950122188715e-05,0.0,0.22683432698249817,0.03440673276782036,0.09922672808170319,0.10287154465913773,0.06615523993968964,0.16233539581298828,0.500067949295044,0.5170247554779053,0.5866870880126953,0.4567718505859375
3171,0.5462772846221924,5.679385185581612e-05,0.0,0.13875478506088257,0.029309069737792015,0.09171702712774277,0.10273775458335876,0.0821455791592598,0.1611788272857666,0.5005246996879578,0.5188802480697632,0.5839614868164062,0.4561767578125
3181,0.47115394473075867,5.560044282392792e-05,0.0,0.03835715726017952,0.022000880911946297,0.0839163288474083,0.0921303778886795,0.09427246451377869,0.16259944438934326,0.4999494254589081,0.5191732048988342,0.5853309631347656,0.457611083984375
3191,0.5027644038200378,5.4416847086425054e-05,0.0,0.06274561583995819,0.024407610297203064,0.08485429733991623,0.09577272087335587,0.14873023331165314,0.1632225513458252,0.5001159906387329,0.5163737535476685,0.5860176086425781,0.4590606689453125
3201,0.42452841997146606,5.324318768307528e-05,0.0,0.04791884124279022,0.02326275408267975,0.07375052571296692,0.0845688059926033,0.06955980509519577,0.1635134220123291,0.499988317489624,0.5183268785476685,0.5859394073486328,0.4591217041015625
3211,0.44369205832481384,5.2079586620722356e-05,0.0,0.0676531195640564,0.0209996085613966,0.08159036189317703,0.09126053750514984,0.09036683291196823,0.16267597675323486,0.5002456903457642,0.5166015625,0.5860939025878906,0.457000732421875
3221,0.6625543236732483,5.092616486060316e-05,0.0,0.06644264608621597,0.036248110234737396,0.11163664609193802,0.11264137178659439,0.08954434841871262,0.16188979148864746,0.4998016655445099,0.5186198353767395,0.5821323394775391,0.456268310546875
3231,0.5963366031646729,4.97830423057731e-05,0.0,0.12753812968730927,0.03360716998577118,0.10643115639686584,0.10489866137504578,0.08628964424133301,0.1623457670211792,0.4999842643737793,0.5172200798988342,0.5833759307861328,0.4564361572265625
3241,0.5755966901779175,4.865033778864195e-05,0.0,0.09312999993562698,0.029620904475450516,0.09513804316520691,0.10089030861854553,0.08991792052984238,0.162267804145813,0.5002517700195312,0.5189453363418579,0.5813369750976562,0.4551239013671875
3251,0.49357637763023376,4.752816905862035e-05,0.0,0.05639658495783806,0.025693828240036964,0.08542340993881226,0.09228318929672241,0.0679071843624115,0.16281116008758545,0.49976861476898193,0.520214855670929,0.5857658386230469,0.4564208984375
3261,0.5135931968688965,4.641665276987953e-05,0.0,0.049967095255851746,0.027803974226117134,0.09258797764778137,0.09783634543418884,0.08940551429986954,0.1627274751663208,0.49943724274635315,0.5172200798988342,0.5815792083740234,0.4578704833984375
3271,0.5389359593391418,4.531590446922443e-05,0.0,0.06100492551922798,0.02238878607749939,0.08523356169462204,0.10172652453184128,0.30394721031188965,0.1648883819580078,0.5002492666244507,0.5158528685569763,0.58624267578125,0.457183837890625
3281,0.5055246353149414,4.4226038584082455e-05,0.0,0.08678609877824783,0.029686214402318,0.0864393562078476,0.09484171122312546,0.06855422258377075,0.16357767581939697,0.5003888607025146,0.5166667103767395,0.5851860046386719,0.4586029052734375
3291,0.4129866659641266,4.314716841060781e-05,0.0,0.024506714195013046,0.01976282335817814,0.07883451879024506,0.0866246297955513,0.06787850707769394,0.16321158409118652,0.5002833604812622,0.5165690183639526,0.5871524810791016,0.4565887451171875
3301,0.5012872219085693,4.207940610190421e-05,0.0,0.0835299864411354,0.027796054258942604,0.08176148682832718,0.09365662932395935,0.07180505245923996,0.16226840019226074,0.5002424120903015,0.5147135853767395,0.5868549346923828,0.4582061767578125
3311,0.5648276209831238,4.10228626563659e-05,0.0,0.10078667849302292,0.02879192680120468,0.09564685821533203,0.10131072998046875,0.06989873200654984,0.1633392572402954,0.5000659227371216,0.5180013179779053,0.5830879211425781,0.4554595947265625
3321,0.5737895369529724,3.997764790613908e-05,0.0,0.10388033092021942,0.027977965772151947,0.10084418207406998,0.10016437619924545,0.06924467533826828,0.1630018949508667,0.5002807974815369,0.5162435173988342,0.5838909149169922,0.4581298828125
3331,0.3938902020454407,3.894387050570433e-05,0.0,0.025620149448513985,0.020020034164190292,0.07265165448188782,0.08017086237668991,0.06199849769473076,0.16307973861694336,0.49968621134757996,0.5152669548988342,0.5846595764160156,0.4580230712890625
3341,0.6358987092971802,3.7921637920581415e-05,0.0,0.19361013174057007,0.037025634199380875,0.09729968756437302,0.10194703191518784,0.06926704198122025,0.1634618043899536,0.5003921985626221,0.5157877802848816,0.5852108001708984,0.45794677734375
3351,0.5504152774810791,3.691105641615789e-05,0.0,0.05931447446346283,0.028681088238954544,0.09649204462766647,0.10241179168224335,0.08315854519605637,0.16361474990844727,0.500116765499115,0.5129231810569763,0.5830554962158203,0.4589996337890625
3361,0.5258021950721741,3.591223104664231e-05,0.0,0.036089248955249786,0.027154190465807915,0.08795760571956635,0.09269806742668152,0.0922250971198082,0.16334545612335205,0.5001264214515686,0.5175130367279053,0.5849399566650391,0.4598388671875
3371,0.5685661435127258,3.4925265644143545e-05,0.0,0.06087447702884674,0.026836926117539406,0.09853342175483704,0.10311850905418396,0.09308569878339767,0.16283273696899414,0.4996851980686188,0.51611328125,0.5845165252685547,0.4590911865234375
3381,0.5035282373428345,3.395026280787679e-05,0.0,0.0980430543422699,0.028012152761220932,0.08507650345563889,0.09640520066022873,0.06145825982093811,0.16287899017333984,0.5005732774734497,0.5168945789337158,0.5846138000488281,0.457366943359375
3391,0.6038801670074463,3.298732389349807e-05,0.0,0.10591331869363785,0.03197423741221428,0.1024608239531517,0.10511588305234909,0.07556932419538498,0.1631183624267578,0.5005595088005066,0.5134440660476685,0.5827960968017578,0.4558258056640625
3401,0.5123196840286255,3.203654900256779e-05,0.0,0.05190613120794296,0.025100158527493477,0.09118148684501648,0.09674645960330963,0.08162493258714676,0.16372644901275635,0.4996218681335449,0.5147461295127869,0.5872268676757812,0.4568634033203125
3411,0.5521270036697388,3.109803697214499e-05,0.0,0.06912757456302643,0.030012408271431923,0.0958005040884018,0.1024167463183403,0.0725197121500969,0.1624211072921753,0.500062108039856,0.5145508050918579,0.5860977172851562,0.457244873046875
3421,0.5044395327568054,3.017188536451252e-05,0.0,0.03435920551419258,0.02593408152461052,0.08915316313505173,0.09003017842769623,0.09419924765825272,0.16212880611419678,0.4999282956123352,0.5136393308639526,0.5842838287353516,0.4596405029296875
3431,0.48141035437583923,2.9258190457035173e-05,0.0,0.04919082298874855,0.02513650432229042,0.08731096982955933,0.0986882820725441,0.0805925577878952,0.1638094186782837,0.4993276298046112,0.5138346552848816,0.5872783660888672,0.4581756591796875
3441,0.4588596522808075,2.8357047232151238e-05,0.0,0.11642342805862427,0.021856341511011124,0.080915167927742,0.09200183302164078,0.14193901419639587,0.1622028350830078,0.4999997615814209,0.5115234851837158,0.5857582092285156,0.456298828125
3451,0.5108409523963928,2.7468549367498777e-05,0.0,0.05772044509649277,0.02781079150736332,0.09055294841527939,0.09160877019166946,0.06662409007549286,0.1624373197555542,0.5000097155570984,0.5138021111488342,0.5846157073974609,0.456268310546875
3461,0.6584919095039368,2.65927892261772e-05,0.0,0.05619918555021286,0.0326419398188591,0.09724213182926178,0.10948564112186432,0.34762024879455566,0.1621314287185669,0.5000282526016235,0.5145508050918579,0.5847396850585938,0.457489013671875
3471,0.4659666121006012,2.572985784714593e-05,0.0,0.056625109165906906,0.024095263332128525,0.08400687575340271,0.09412837028503418,0.07032699882984161,0.1625821590423584,0.5001063346862793,0.5152344107627869,0.5872287750244141,0.4590911865234375
3481,0.571492612361908,2.4879844935760447e-05,0.0,0.06800499558448792,0.02902371622622013,0.09727756679058075,0.10169080644845963,0.1141602098941803,0.16191530227661133,0.5003697872161865,0.5139648914337158,0.5800457000732422,0.457916259765625
3491,0.6165838241577148,2.404283885444701e-05,0.0,0.19414927065372467,0.0341973751783371,0.09835945814847946,0.10241467505693436,0.07668337970972061,0.16192972660064697,0.49991151690483093,0.5131185054779053,0.5814895629882812,0.458740234375
3501,0.5755027532577515,2.3218926613517138e-05,0.0,0.06520842760801315,0.029717162251472473,0.09570961445569992,0.10668344050645828,0.1446867734193802,0.1636204719543457,0.4994540214538574,0.5126953125,0.5838050842285156,0.45904541015625
3511,0.5485022068023682,2.240819386212238e-05,0.0,0.0465075708925724,0.029175663366913795,0.09648610651493073,0.10031481087207794,0.0937497541308403,0.1622098684310913,0.5002449154853821,0.5155599117279053,0.5845680236816406,0.458740234375
3521,0.4901086688041687,2.161072487935074e-05,0.0,0.054885536432266235,0.023779524490237236,0.09034774452447891,0.09446533024311066,0.09088218957185745,0.1632375717163086,0.49933701753616333,0.5140625238418579,0.5853786468505859,0.459014892578125
3531,0.7420437932014465,2.0826602565465555e-05,0.0,0.05134535953402519,0.03430761769413948,0.10562024265527725,0.10187052935361862,0.3732677698135376,0.16388094425201416,0.49974900484085083,0.5126953125,0.5816516876220703,0.4565277099609375
3541,0.45876166224479675,2.005590843328774e-05,0.0,0.05672488361597061,0.023991936817765236,0.08206959068775177,0.0931328609585762,0.07110360264778137,0.16260313987731934,0.5004229545593262,0.5160156488418579,0.5835704803466797,0.4577789306640625
3551,0.5158380270004272,1.9298722599722012e-05,0.0,0.04057685658335686,0.028129994869232178,0.09146308898925781,0.09933069348335266,0.08424653112888336,0.161879301071167,0.5007538199424744,0.5159180164337158,0.5844097137451172,0.457061767578125
3561,0.47779470682144165,1.855512377742852e-05,0.0,0.06285402178764343,0.026387590914964676,0.08363813161849976,0.09157666563987732,0.09095476567745209,0.16169536113739014,0.5006378293037415,0.5149739980697632,0.5852527618408203,0.45782470703125
3571,0.46182045340538025,1.7825189266640236e-05,0.0,0.03764346241950989,0.026994669809937477,0.08174510300159454,0.09058569371700287,0.10369311273097992,0.162683367729187,0.49957939982414246,0.5122721791267395,0.5858345031738281,0.4588623046875
3581,0.5920101404190063,1.7108994947127473e-05,0.0,0.09184641391038895,0.03255685791373253,0.09990976750850677,0.10619425773620605,0.08393591642379761,0.1614311933517456,0.5004512071609497,0.513867199420929,0.5788707733154297,0.4558258056640625
3591,0.45749980211257935,1.6406615270309624e-05,0.0,0.048024825751781464,0.023131024092435837,0.08485908061265945,0.08998557925224304,0.09333466738462448,0.1624305248260498,0.4999425411224365,0.5148112177848816,0.5849418640136719,0.4584197998046875
3601,0.6155158281326294,1.5718123251515735e-05,0.0,0.08401653915643692,0.0334109291434288,0.10678299516439438,0.1066315695643425,0.06729359179735184,0.1612626314163208,0.5007581114768982,0.5134440660476685,0.58154296875,0.454193115234375
3611,0.6247020363807678,1.50435904623942e-05,0.0,0.09200617671012878,0.0320882648229599,0.10639602690935135,0.10614998638629913,0.09164862334728241,0.16270732879638672,0.500403881072998,0.514355480670929,0.5834999084472656,0.4577178955078125
3621,0.4358639419078827,1.4383087023472747e-05,0.0,0.03570669889450073,0.022811230272054672,0.07662438601255417,0.08567652106285095,0.09529837220907211,0.16240859031677246,0.500690221786499,0.51171875,0.5811080932617188,0.4592132568359375
3631,0.5127485990524292,1.3736681596868913e-05,0.0,0.05722774565219879,0.025878019630908966,0.0881197452545166,0.09213629364967346,0.06931999325752258,0.1620551347732544,0.5000628232955933,0.511914074420929,0.5835590362548828,0.4590301513671875
3641,0.6619545817375183,1.3104441379152405e-05,0.0,0.10762784630060196,0.03389915078878403,0.11220657080411911,0.11612080782651901,0.10041740536689758,0.16207075119018555,0.500372588634491,0.5145182609558105,0.5805034637451172,0.4567108154296875
3651,0.5150718092918396,1.2486432094359728e-05,0.0,0.10734934359788895,0.028654921799898148,0.0847119614481926,0.09274309128522873,0.06816180795431137,0.16261076927185059,0.4997663199901581,0.5107421875,0.5826568603515625,0.4583282470703125
3661,0.5017197728157043,1.1882717987161982e-05,0.0,0.0766136646270752,0.026416940614581108,0.08270417153835297,0.08198065310716629,0.0837017297744751,0.16289615631103516,0.5002795457839966,0.5152994990348816,0.5844135284423828,0.459197998046875
3671,0.47743281722068787,1.1293361816186206e-05,0.0,0.05776891112327576,0.02297835797071457,0.07961024343967438,0.09540711343288422,0.1504010409116745,0.16268134117126465,0.5006551146507263,0.5129231810569763,0.5815048217773438,0.45721435546875
3681,0.5516800284385681,1.071842484749145e-05,0.0,0.05703208968043327,0.030008208006620407,0.09214292466640472,0.09714389592409134,0.1443386971950531,0.1632004976272583,0.5003713369369507,0.5141276121139526,0.5845260620117188,0.45599365234375
3691,0.48879823088645935,1.0157966848199871e-05,0.0,0.05682062357664108,0.024340137839317322,0.08527614176273346,0.09342891722917557,0.09890571236610413,0.1624084711074829,0.5002312064170837,0.5144531726837158,0.5841312408447266,0.4571075439453125
3701,0.44989556074142456,9.612046080283698e-06,0.0,0.07723698765039444,0.02215540036559105,0.07906012237071991,0.08390223979949951,0.06807065010070801,0.16375243663787842,0.499664843082428,0.5126953125,0.584686279296875,0.45782470703125
3711,0.36644184589385986,9.08071929450873e-06,0.0,0.0382084921002388,0.019227182492613792,0.06888528913259506,0.07607655972242355,0.07473825663328171,0.16277360916137695,0.49974775314331055,0.51416015625,0.5865573883056641,0.459014892578125
3721,0.5248727798461914,8.56404172453472e-06,0.0,0.08336962759494781,0.02854970470070839,0.09493997693061829,0.09669497609138489,0.07631007581949234,0.1623901128768921,0.501166820526123,0.5145508050918579,0.5829982757568359,0.4560546875
3731,0.5381402373313904,8.062067081173681e-06,0.0,0.07985536754131317,0.028537128120660782,0.09471762180328369,0.10076498985290527,0.07297901064157486,0.16184508800506592,0.49985837936401367,0.5142578482627869,0.5822429656982422,0.4560699462890625
3741,0.5016369223594666,7.574847546806385e-06,0.0,0.06163247674703598,0.026106884703040123,0.0836230143904686,0.08546613901853561,0.07511524856090546,0.16239845752716064,0.49985837936401367,0.5148112177848816,0.5824813842773438,0.4561614990234375
3751,0.5101345181465149,7.102433769957878e-06,0.0,0.06396342068910599,0.028381533920764923,0.08704163879156113,0.09706738591194153,0.11097908765077591,0.16286182403564453,0.5001602172851562,0.5122721791267395,0.5836162567138672,0.45941162109375
3761,0.4722939729690552,6.644874860032228e-06,0.0,0.067019522190094,0.02193327061831951,0.08146736025810242,0.08970526605844498,0.06692670285701752,0.1625504493713379,0.499750554561615,0.5131510496139526,0.5840282440185547,0.4573516845703125
3771,0.5227321982383728,6.202218382207466e-06,0.0,0.10106679797172546,0.027643833309412003,0.09041085094213486,0.09434861689805984,0.07162780314683914,0.16213786602020264,0.5001818537712097,0.5129883289337158,0.5808219909667969,0.457977294921875
3781,0.562581479549408,5.774510352490919e-06,0.0,0.05507708340883255,0.024831226095557213,0.09501174092292786,0.10456841439008713,0.26936739683151245,0.16303741931915283,0.5003031492233276,0.513867199420929,0.5819187164306641,0.4584503173828125
3791,0.5579092502593994,5.361795232935817e-06,0.0,0.07399024069309235,0.028256524354219437,0.10044579952955246,0.10587447136640549,0.0819757729768753,0.1619335412979126,0.5003944635391235,0.5137044787406921,0.5814952850341797,0.4552001953125
3801,0.487239807844162,4.964115927019031e-06,0.0,0.06447605788707733,0.02609633095562458,0.08056604117155075,0.08654055744409561,0.07858248054981232,0.16357159614562988,0.5001645684242249,0.5142903923988342,0.5850887298583984,0.4592132568359375
3811,0.39890071749687195,4.581513775181301e-06,0.0,0.04878322780132294,0.02067113108932972,0.07008910924196243,0.07958049327135086,0.06530933082103729,0.16194844245910645,0.500177800655365,0.5135091543197632,0.5849075317382812,0.4589691162109375
3821,0.5508641600608826,4.214028550529551e-06,0.0,0.08617719262838364,0.026341959834098816,0.08718695491552353,0.10540373623371124,0.2342534214258194,0.16249263286590576,0.5000539422035217,0.5120117664337158,0.5844173431396484,0.458587646484375
3831,0.4170733690261841,3.8616984547024515e-06,0.0,0.04972247779369354,0.02208351530134678,0.07664205878973007,0.08520181477069855,0.06891178339719772,0.16353261470794678,0.5008102655410767,0.5135416984558105,0.5818672180175781,0.459808349609375
3841,0.5683705806732178,3.5245601138990723e-06,0.0,0.18884675204753876,0.02687307633459568,0.09103401005268097,0.09825482219457626,0.08683625608682632,0.1635737419128418,0.5005295276641846,0.5126302242279053,0.5815906524658203,0.457855224609375
3851,0.46695101261138916,3.2026485750715355e-06,0.0,0.05049614980816841,0.025127675384283066,0.08554336428642273,0.09074868261814117,0.07007000595331192,0.16246283054351807,0.5000669360160828,0.51123046875,0.5810375213623047,0.458404541015625
3861,0.45799702405929565,2.895997302281665e-06,0.0,0.0751476138830185,0.023846838623285294,0.07824555784463882,0.08395658433437347,0.08908968418836594,0.16235578060150146,0.5001307725906372,0.5152018666267395,0.5845527648925781,0.4593048095703125
3871,0.5561078190803528,2.6046381732222677e-06,0.0,0.07797399163246155,0.026962120085954666,0.09328998625278473,0.10104294866323471,0.2252415418624878,0.1636272668838501,0.5001373291015625,0.5170572996139526,0.5818920135498047,0.456268310546875
3881,0.4876801669597626,2.3286014759033932e-06,0.0,0.0913916602730751,0.025897713378071785,0.08455903083086014,0.09414104372262955,0.07189410924911499,0.16269254684448242,0.4996182918548584,0.5146810412406921,0.584259033203125,0.4593963623046875
3891,0.455427348613739,2.0679159055036353e-06,0.0,0.03434724360704422,0.02266661450266838,0.08015512675046921,0.0937102735042572,0.11255654692649841,0.1631871461868286,0.49997103214263916,0.5125325918197632,0.5847263336181641,0.459716796875
3901,0.6277148127555847,1.822608561387229e-06,0.0,0.0751461610198021,0.03478410094976425,0.10660620778799057,0.1108304038643837,0.10203862190246582,0.16220879554748535,0.4996137320995331,0.511914074420929,0.5832958221435547,0.460784912109375
3911,0.5827987790107727,1.5927049442869809e-06,0.0,0.07852998375892639,0.028579741716384888,0.10317247360944748,0.10980948805809021,0.15701045095920563,0.16273784637451172,0.500189483165741,0.5129883289337158,0.5826282501220703,0.455718994140625
3921,0.4484754204750061,1.3782289536533018e-06,0.0,0.057103801518678665,0.022819798439741135,0.07952981442213058,0.08984727412462234,0.0842907652258873,0.16114985942840576,0.5003283619880676,0.5137370228767395,0.5845870971679688,0.4587554931640625
3931,0.47658249735832214,1.1792028851697537e-06,0.0,0.07522798329591751,0.025194058194756508,0.08375190943479538,0.08753442019224167,0.06485414505004883,0.16224372386932373,0.49968087673187256,0.515625,0.5824451446533203,0.4578704833984375
3941,0.43473711609840393,9.956474284353954e-07,0.0,0.04315328970551491,0.021320495754480362,0.08149700611829758,0.08599801361560822,0.07459082454442978,0.16346943378448486,0.4998835623264313,0.5152344107627869,0.5855827331542969,0.4579620361328125
3951,0.49742674827575684,8.275816648138959e-07,0.0,0.05462579429149628,0.02716710977256298,0.08217640221118927,0.08769059181213379,0.06440797448158264,0.16273272037506104,0.5000613331794739,0.5137044787406921,0.5861377716064453,0.4586944580078125
3961,0.5616292357444763,6.750230654500787e-07,0.0,0.061121512204408646,0.029433676972985268,0.10377795249223709,0.10087630152702332,0.09602826833724976,0.1629638671875,0.5006561279296875,0.51416015625,0.5828876495361328,0.455902099609375
3971,0.462005615234375,5.379874894536152e-07,0.0,0.054216694086790085,0.02372847869992256,0.0818513035774231,0.09070079028606415,0.06921277940273285,0.1629396677017212,0.4998812675476074,0.5121419429779053,0.5839805603027344,0.4598846435546875
3981,0.5082652568817139,4.1648918225044995e-07,0.0,0.07343190163373947,0.026688281446695328,0.08341500163078308,0.09394798427820206,0.07935206592082977,0.16178810596466064,0.49968087673187256,0.5121093988418579,0.5849514007568359,0.45953369140625
3991,0.5716378092765808,3.105407741019082e-07,0.0,0.05592908337712288,0.02828044444322586,0.09831924736499786,0.10598127543926239,0.08204323798418045,0.16328680515289307,0.5003189444541931,0.5135742425918579,0.5843963623046875,0.455810546875
4001,0.48596903681755066,2.2015327879180108e-07,0.0,0.0543847493827343,0.02529788762331009,0.0890924334526062,0.09455928951501846,0.08071073144674301,0.163368821144104,0.5004046559333801,0.5120443105697632,0.5845241546630859,0.4567413330078125
4011,0.4387313723564148,1.453360924813627e-07,0.0,0.04402061924338341,0.02272983267903328,0.07948768883943558,0.08569612354040146,0.07706083357334137,0.163438081741333,0.5000320672988892,0.51171875,0.5837898254394531,0.4587249755859375
4021,0.5028387904167175,8.609699273260224e-08,0.0,0.058424558490514755,0.02449020743370056,0.08363424241542816,0.09042474627494812,0.08549392968416214,0.1617732048034668,0.5000885128974915,0.5134766101837158,0.5812721252441406,0.4579010009765625
4031,0.5614455938339233,4.244213769970392e-08,0.0,0.1320672482252121,0.029044514521956444,0.09283649176359177,0.09880326688289642,0.1529703587293625,0.16254174709320068,0.500274658203125,0.5140950679779053,0.5828304290771484,0.457672119140625
4041,0.4931562542915344,1.4376065488941469e-08,0.0,0.09803976118564606,0.023507077246904373,0.08661596477031708,0.094619520008564,0.08055603504180908,0.16273438930511475,0.5000152587890625,0.5134766101837158,0.5847282409667969,0.4565277099609375
4051,0.5422810316085815,1.901693686857514e-09,0.0,0.05246024951338768,0.027814343571662903,0.0932307094335556,0.09929167479276657,0.09806202352046967,0.16322362422943115,0.4997716546058655,0.5149089097976685,0.5830154418945312,0.4589080810546875
