model,crop_height_px,n_test,plate_acc
scratch,<25,262,0.7900763358778626
scratch,25-40,446,0.9349775784753364
scratch,40-60,467,0.9657387580299786
scratch,60-100,811,0.9568434032059187
scratch,100-200,953,0.9695697796432319
scratch,>200,611,0.9296235679214403
pretrained,<25,262,0.7404580152671756
pretrained,25-40,446,0.9125560538116592
pretrained,40-60,467,0.9229122055674518
pretrained,60-100,811,0.8927250308261405
pretrained,100-200,953,0.8761804826862539
pretrained,>200,611,0.7774140752864157
